I,From,To,Dijkstra Time,Dijkstra Relaxed,Bidirectional Dijkstra Time,Bidirectional Dijkstra Relaxed,Contraction Hierarchy Time,Contraction Hierarchy Relaxed
0,1327701374,4286820260,102832699,270712,127608000,313276,5850799,4518
1,289967440,478052324,377616900,1309281,254140800,751333,8285300,8772
2,1212690194,3158424586,533710401,2050980,573806500,1810007,4679000,7648
3,1572870274,3464227643,115433000,565690,90994700,357256,3456501,4064
4,3297400563,613438702,150150600,797175,85487800,455445,4296100,7829
5,2399202955,251738541,210604500,979976,182825900,584276,4889200,4914
6,3055893215,522942146,20050600,107042,12588100,58350,793100,1115
7,569477229,2047034770,475500499,1664673,348669800,1302037,5346300,8396
8,4856398032,3887956378,475978100,2360005,473796901,1982801,4194200,8633
9,4086056898,735026498,282924400,1618137,481072501,1823248,4662300,10518
10,3305712363,1569861338,376636401,1712929,210350601,941734,3168000,9156
11,410835964,1602831437,318154901,1286093,146354800,644252,3633500,9921
12,5258030961,4876515207,292128100,1358343,263598400,1023032,2170600,6417
13,1124622427,4326869173,296881199,1572532,528799800,2317923,3703000,11586
14,4444029561,409081954,365238700,2245317,308188300,1411592,2712700,8304
15,2634524536,256344955,209001800,1348379,366317900,1827580,2801800,9502
16,2212816422,4103901040,14311501,110183,9403400,74323,656001,3512
17,3464222270,385077124,193717700,1284404,193350901,900919,1868500,10190
18,1276792788,3944589659,244662900,1635477,183410001,1045913,1876600,8735
19,3897417517,2357959407,10249101,98928,17779100,131903,587400,2464
20,28573848,1119074283,326755700,2062873,427446400,2149446,2211900,9900
21,4577955988,2334575778,38826100,287044,16029300,102397,1000400,4484
22,3577762529,313377733,29870601,221604,16705701,124678,559000,2918
23,290979021,1143860636,31863500,240887,12573400,92239,306300,1168
24,174034908,444543281,124573901,839047,143178100,488681,1648201,8397
25,4114585501,3145074178,331243601,1922811,364033001,1909412,2188000,11221
26,1562729151,1151212735,175484400,1171166,159720401,896145,2782400,12788
27,1359392431,3474302466,182344900,1140671,96741700,582739,1630200,7050
28,1175487118,1573491372,338014201,2190504,438190101,1865781,1894999,10235
29,681543,125608,85583700,565889,72554200,458031,1143901,5400
30,1207123297,1102375533,287117101,1710655,256327500,1094876,2357301,9007
31,484617631,1092807921,280070199,1578438,585712800,1768944,2391600,7222
32,1653077926,697528,58833100,345129,54373801,226672,1369600,5235
33,5105223950,1114749663,415106799,1685199,319620901,1006600,2115201,7044
34,2046084465,2415181111,214790900,1311130,430817300,1670861,2367799,10789
35,1394044763,291891990,373718000,2311665,470433900,1962552,2569300,11563
36,479200618,5406520542,323707699,1830392,366036700,1760415,2836801,10059
37,2615990380,5124611614,90137000,647579,62649500,408314,1002300,4742
38,339461035,273102609,198438900,1325390,152317899,767647,2036800,8874
39,294854700,308297189,77944000,535707,26691500,184432,970300,4961
40,292459395,4902882054,325948300,1838156,378823400,1955702,1511100,7229
41,2519500849,346149599,201481500,1214555,140332600,509618,2220100,8115
42,855527293,439966033,400406099,1820508,489417701,1997694,4626700,13713
43,2904257456,1224776125,407255900,2028561,514659099,2047778,2111400,8320
44,1039956271,656507885,318098099,1794849,384035599,1717871,1537400,7247
45,801813615,278755424,141391699,609691,76002200,389185,1076699,5068
46,4345452848,408451352,435280500,2186784,463098900,2088246,2181501,10283
47,1516764342,17710394,367228000,2027690,382799999,1815145,2573800,11064
48,1414227063,2399391718,167654200,1027359,140186600,787723,1182300,5923
49,429859989,1038275258,104802200,711869,117306800,723908,824900,3763
50,30916210,305640329,335944401,1983435,405229700,2072547,2091300,9789
51,1575319498,1263961812,86125000,546315,64849500,369743,1069700,5596
52,2634326142,316818486,315855299,1928946,193358401,795812,1718000,7702
53,4350579769,4927834166,62916000,428510,62712300,385920,1029800,5116
54,1209653164,4910920410,225896599,1366539,348546501,1656121,3464399,10653
55,835872995,113581006,366426401,2063778,278272700,1551532,2198501,11490
56,3491718310,1279654331,194607500,1318772,383766000,1977569,2144101,10341
57,732941295,4198350617,398725299,2310161,443194600,2146151,2004100,9000
58,1523076340,1844361327,368967800,2046344,302046800,1626397,2737201,13146
59,2484014253,845280184,1585600,15057,1796700,16269,129100,500
60,30789846,2214510354,242400,2492,257099,2997,59101,233
61,1609211618,7459404,454353600,2230360,527445499,2115136,2066701,10246
62,1074995460,2904247151,226129300,1402165,471174699,2168323,2130299,8352
63,85799346,255617993,364703000,1686046,439982500,1952417,3557900,15216
64,279701177,95353059,313118200,1845734,393606400,1883039,1971900,10166
65,235494072,3503712147,145310600,975574,89641801,529005,1528800,8012
66,1326239857,923240393,301816601,1695640,178759300,939884,1170501,5206
67,1092379090,1465313281,143784401,846073,71022700,389454,1192300,4336
68,1114488246,4062226951,8893400,72226,8124100,54079,620300,1354
69,292210361,297009848,225455600,1531993,301012500,1599573,1524599,7416
70,2584653345,4291048424,354138299,1810742,165166800,841205,1588299,5928
71,24359841,1100923626,356524299,2346606,380710800,1982275,1931101,8104
72,256911734,982765860,232315300,1290240,104518000,615052,1485301,7270
73,5226088022,3473270735,338844100,2176931,514617200,1909562,2091699,10436
74,1126424990,3243528416,592900,5432,1253200,12074,54500,139
75,2397013844,279919063,395124600,2241710,424840900,2047515,3072300,13089
76,1506226362,410642935,119817500,814339,132811001,738937,1761199,10674
77,3030931703,4368467219,360345900,2404569,443544900,2074757,2078200,8674
78,2312476275,613438687,164697800,1057848,353163200,1729009,2259101,11654
79,1414517171,269271599,147947100,862079,70331799,449004,1041600,3460
80,1931047047,29971873,220424800,1427968,155081000,836775,2069399,10221
81,3755096838,124137625,199658299,1371632,258220600,1282754,2154100,7299
82,288862600,691804,53843400,357871,42068900,226663,983101,3757
83,1402575450,357474669,149827900,920800,114798400,653073,1127900,6205
84,1315495954,293805478,262508200,1592497,131626101,719931,1895499,8262
85,891069471,291694007,356254700,2285802,430275400,1926496,1867499,9127
86,5120491763,258375014,277915400,1710863,428404400,1971098,2556001,11654
87,4519617401,254946848,366760899,2121956,405192500,1856842,2270700,9985
88,1688791618,1507943979,80694300,565179,55431800,356925,1558800,6830
89,62926231,2412956458,69947300,471534,85400200,498477,1636900,8216
90,4791761174,1221739044,321959001,1737909,233134200,1299963,1644600,7762
91,2282092371,293011705,148382999,1043587,411297800,2065869,1902100,9017
92,477274823,2361417069,366858200,2156235,383226900,1992961,1973300,7035
93,1064956118,417755352,62502400,429669,38650101,254306,1031401,4165
94,3760844175,73320065,10951399,85793,7724300,62582,576700,2649
95,318238738,288313436,341976400,2079517,421639699,2009456,1647101,8210
96,309866609,298795463,495480900,2168029,404887801,1806242,1365500,6300
97,301999540,488580461,238547901,1434986,205145599,807034,2054199,7617
98,1722795296,2558482940,200771800,972510,383749500,1693365,3126099,11578
99,1217765029,3890243533,27682300,206850,14381401,109472,562199,2675
100,244153928,746868973,205948801,1368945,186474600,892345,1691300,6903
101,2598009482,968503775,366400100,2230714,295716200,1582241,2137700,9486
102,278685838,3327703361,191986800,1371081,450516600,2130392,1924701,10253
103,1311133515,2118398591,164421000,1076755,106409600,630292,1806800,8834
104,3587994438,4788404914,321493301,1910767,392178701,1828571,3936199,8587
105,349151126,4927538270,6476400,63809,27509700,193743,736600,2596
106,4477474999,4251534673,291433000,1793486,403992599,1577143,2070500,8775
107,1203274468,253424761,161717901,1058584,143628600,788806,1324600,6048
108,2327005530,1079727064,350535799,2220775,416446599,1950780,1758200,8741
109,3619147663,3735248896,363957899,2106659,361535401,1746398,2100100,8844
110,1806911093,1302474467,16754699,122440,12875501,88104,1032201,3099
111,3141809977,1350812668,128197500,808045,87199601,462925,1653399,8193
112,4927619302,280682783,228951801,1321274,137622600,757940,1486901,6101
113,567350459,30945279,42651800,322085,76833800,484720,1267999,5331
114,3174696596,1081960609,192373100,1297132,104645401,616821,1803601,9642
115,3145405743,426957832,16006999,114135,12227400,81427,789100,3202
116,1108977734,460404192,10446400,78906,10434001,62282,1206900,1590
117,4577881423,3163558805,19772801,163002,10416801,72072,516800,2233
118,3357358330,277992649,340973200,2071095,268996301,1325484,2413800,7991
119,2570413711,1222133461,123145400,831906,57339699,333823,1529700,6094
120,287512621,1414519930,394149200,2318652,212949600,1132808,1909200,7001
121,3344079551,2050294524,101324100,668846,57713300,355255,1695900,7879
122,174028833,1128303681,448496900,1930401,437500600,2055531,2122200,8431
123,2446832953,1895349067,304935400,1916338,351637001,1767057,2198901,8932
124,1751822594,3888323003,198061700,1094196,75241800,479483,1459900,7212
125,2588080727,284900424,108706300,773866,148136201,839794,1403001,7387
126,1143831092,409147627,367739800,2380280,450912800,2032007,1893699,8699
127,277561593,904022728,375509900,2316884,379391700,1943324,3309200,9444
128,4717520881,1148956010,20052501,166362,10937899,85458,397499,1560
129,2072598579,1579916644,197105700,1435887,361010399,1805697,1940100,9614
130,2717217469,2035497017,278276599,1720735,219190300,1189265,1910401,9718
131,1250668399,261727617,137540200,941966,280959900,1304036,2057300,8269
132,523234442,5216111214,392474100,1971852,408822200,1968273,2344701,9133
133,1471781579,2606351670,137565300,916646,352996000,1653212,1718800,7836
134,2497527841,29971943,365321100,2105033,431956101,1965648,1986300,8858
135,12643154,2674389563,226268800,1411299,217516800,1095805,1884400,7637
136,442298386,3739701016,404276500,2274918,416100600,2045271,2708300,12677
137,656632773,2904679194,263449599,1685312,383539400,1816459,1975300,9918
138,4828918670,1102728259,733500,7661,469200,4878,87101,320
139,2292998247,1608712680,147642300,954992,88415199,489635,1368500,6850
140,624617617,685780886,40204101,320488,41062200,278889,945201,4874
141,1278029565,490369801,171438700,949543,235827401,1189743,2228399,11882
142,5385760247,2386737092,420051100,2272521,450975500,2052507,2485400,8848
143,1305952299,1990774969,207708300,1444047,138258700,778636,944699,4601
144,308611114,433632311,212440500,1241743,121398501,665466,1547800,6927
145,3759074127,1404942391,311181300,2061714,396164300,2026514,1723599,7821
146,4329791734,611222952,220686901,1274728,129882799,670124,1375000,6961
147,311652863,3308668055,80565900,568599,47565900,296042,1074200,5695
148,440902295,1578709971,52517600,410723,31478800,212388,786701,4025
149,4713936581,1100397789,83922101,612713,47362100,298289,893300,4384
150,1920814291,371780759,181345900,1233949,140624700,682162,1513600,7490
151,356728251,4619396322,164556600,1087668,93055700,537245,1927499,8841
152,2507391927,1092063578,200023600,1367110,84401200,509978,1495400,7213
153,287703031,25248461,46366700,347696,62704100,393778,960300,4904
154,3145386569,1818608257,79950900,556675,51492301,316284,1369600,7550
155,2065623577,1131209901,177571100,1243674,276350100,1382436,1883200,7368
156,265886368,201470214,109627700,724273,67894600,376728,1079599,5301
157,280107074,2493506647,189635300,1279808,106377800,581270,1438399,7310
158,1375635695,2310196392,110081100,798225,59126999,370240,1545500,7547
159,1607403765,3798243756,95538500,659973,78838799,373445,2337800,9423
160,1546317569,4580850674,356696599,2003977,414887801,2047564,2847900,11198
161,3743928186,26526785,314982301,1970572,353427500,1597993,2044600,10166
162,2552299023,2283372148,89507900,548165,21855701,154771,768800,3229
163,76762117,770356661,342116801,2159613,143217900,820483,1568800,7374
164,5385760454,3192234749,198696999,995628,76976200,443172,1306100,5806
165,3964727368,1212372689,325800800,1860533,361924099,1841320,2444100,11767
166,1597667252,1149137882,375414100,2352010,201892600,1116563,1622499,7697
167,691259118,1606436123,259977900,1425131,209144900,1149651,1640999,8470
168,2364233292,308443227,297047300,1773899,253301200,1401746,2579399,13384
169,300416338,2011504930,244248300,1404034,412908900,1815229,2138100,10679
170,3292148493,270372924,172282400,1140675,70475201,459803,1250901,6471
171,277032590,2792148823,165328699,1226145,332321000,1642824,1793399,9263
172,1531505263,2394118039,152351401,1080394,385470400,2001637,2018601,10520
173,656632447,1355681747,35037600,253328,70414799,412059,968700,3889
174,26526275,466294413,234749800,1540431,427559900,1958500,2789600,12961
175,264543797,280229026,170941701,984002,105009999,546089,1561701,7632
176,1122636201,2840815965,142598100,859718,181380600,971699,1482599,6886
177,1393614983,17870135,205115300,1253151,89913200,506642,1458601,6489
178,686956967,1653079053,328285501,1777810,161953301,828390,1849601,7706
179,1628468536,262365065,91298400,690970,83465999,511251,918499,3392
180,1510336734,1881613107,180754599,1335886,470283400,2168396,1977700,9484
181,33034452,489790233,81999600,622803,80662800,514493,1251800,6316
182,2603833644,268907240,103554000,770299,54164700,332388,952700,5163
183,412057637,1377155640,415793600,2342022,392062000,1829118,2648300,12799
184,2228459980,1197483291,222839100,1489228,241646200,1110244,2063799,9342
185,1119371362,265715571,333999400,1948251,254188701,1341258,1197199,4219
186,250349399,1557514832,324594900,2094594,322121500,1676778,2316300,12558
187,126550512,4376103413,350855901,1855793,414364500,2167118,2048300,9280
188,1618343768,5002912942,124012301,841674,135027400,776541,997500,4094
189,364106047,457801616,33385300,260461,29145700,189531,796800,3867
190,1148159768,3164345983,31126300,226196,16885800,123171,498300,2395
191,1549343834,1177297686,240457200,1439877,134422699,778251,1594800,8358
192,1096233292,4868595921,66427400,474356,25685701,184079,1211199,6327
193,373450380,1499411984,216199600,1455056,116609900,705607,1276300,5471
194,1607294864,2056305097,310259200,1856542,393773100,1779120,2861900,13103
195,387464653,3741191587,253561100,1586399,140919199,813574,1517800,6517
196,4417690177,2711682305,33046100,253999,30702400,221644,1067200,5954
197,4313829703,31390241,218042899,1499257,259346100,1404285,1842700,8992
198,2688230890,2962447040,40970101,317845,57166900,359087,841100,4177
199,1139503855,257427480,241521399,1592852,160025601,880853,1244899,5963
200,2623995632,1261060001,226215599,1484708,212658000,1045981,2858400,11529
201,1604527521,1137617142,152110700,939578,108638401,560510,1425800,5881
202,1024987958,176803231,238488300,1556772,150853600,852149,1579200,7770
203,1683224406,2661384341,160100,1717,348300,3778,40400,126
204,1272528075,1609396317,53402201,354562,44140801,289289,853500,5116
205,267839558,540625741,192459500,1315958,259507900,1350546,1548601,7105
206,4865064147,280016889,241931800,1532933,227191200,1186047,2100700,8555
207,1807385165,1916714889,303457800,1924389,317177400,1592169,1998099,8552
208,4722747514,292459401,18009901,137266,6802401,58486,598601,2771
209,1253153549,4350579766,18085501,148152,15945300,99858,466600,2315
210,2317408154,61105039,102980400,704016,87430801,530300,1204300,5838
211,27039712,3061274046,227761000,1664321,434052500,1984492,2109300,9148
212,959281844,1746428805,80346600,565654,69610800,427831,1186700,4583
213,281408650,4943710470,162633999,1168042,286445700,1478471,2157001,8962
214,597317045,258102104,38531900,306073,41188400,266711,1223600,5557
215,325212027,446290737,76236200,543850,81371000,506113,1201400,5550
216,373450357,408501599,302254799,1820764,336144801,1659906,1636500,7492
217,60116057,1314641662,289329099,1811654,384895700,1929681,1726300,8205
218,1179854140,333811840,49367001,150065,13958400,94787,429600,1367
219,2588080735,1574482867,76719100,564793,96640199,592277,1188200,6172
220,1562967508,4499256779,135636500,849866,93415500,526223,1421500,6616
221,3158596918,1164114519,42716600,301304,20575000,133625,517899,2404
222,4193554947,2599647194,31817000,214648,30196100,197152,959199,4817
223,670514682,3168340634,65763100,440039,136748200,585472,1342300,6389
224,1586181512,3252793515,2530600,19098,2397500,14394,162500,392
225,1101614437,1240232036,183906700,1065055,200270200,995140,2009701,6945
226,460297703,1576155293,148500400,905878,151907600,847455,2192100,11150
227,4933805048,4539681869,150398000,942310,152438900,782878,1226400,6100
228,2195412835,1170957330,215225899,1375327,131483399,675390,1224900,6431
229,4604186046,1883069158,248085300,1639798,134977900,768406,1455201,7160
230,278793707,4682024180,216997800,1258695,135268900,686816,1853800,8501
231,1885702211,1429065529,101859000,686186,55345300,359334,1324000,5854
232,1580190930,1776412192,286347399,1729242,211699600,1067947,1417700,6922
233,202876292,5244316759,104551000,780546,119684000,737709,1203400,5738
234,149129517,403797115,77356599,477619,44011600,285193,1749000,8570
235,4376103391,1278816885,351890701,2326708,432485900,2081018,1942299,9288
236,253819315,3239811358,95754801,676217,76446999,414947,1226400,5559
237,582074649,402467376,364305500,2159278,400190199,2016106,2352900,11778
238,3878368981,846225457,39417300,308300,49169400,293556,1333000,5767
239,1650753379,2347166352,69763400,482530,62273800,377090,1202400,6007
240,2188564199,2255788730,371432801,2347589,390914200,2023308,1942500,8769
241,2065210167,850746936,166457000,941152,282282600,1406666,1597199,7114
242,1162382010,424439907,111584301,789957,34750300,236823,1141500,5356
243,1269850155,5419768440,187584099,1388612,486345001,2138312,1937800,9192
244,271681274,280394986,317006299,1764843,124210200,640433,1714699,5952
245,1640995653,99248419,205195199,1472921,249923400,1417244,1554099,7043
246,27165487,3138135483,220893800,1548075,238611001,1273141,1308199,5659
247,311103693,635320201,188623000,1295065,220520300,1146787,1810800,9755
248,124035383,1155140986,307315801,1825964,247523000,1202446,1231500,6147
249,3238754044,3317409503,72013001,535546,100553500,604799,2131799,9302
250,901223913,2688554554,377708600,2246955,207244900,1118446,1440600,6193
251,410361144,4284013401,32688700,239070,8684300,71725,838400,3987
252,4791550450,1823279590,61279699,448256,42097600,285791,641400,2977
253,3228193977,1166776865,208919699,1424245,111035300,660697,1550599,7790
254,417817382,311599934,12821500,97543,6560999,54170,561601,2458
255,571770937,2225797159,362403801,2237168,394482400,2007235,1823100,7777
256,620085186,280718947,292867200,1639446,178111200,886341,1194300,5501
257,244958789,4927543524,436980401,2334218,359033300,1856412,2066701,9118
258,427736920,1944916522,354675600,2272265,535339400,2167781,2195200,11364
259,424017226,4398627463,328280000,2113063,415930501,1779303,2720500,12875
260,4851409523,1070276373,11984699,98686,7013801,55337,260300,948
261,2212866064,4778465393,342056601,1999459,425923801,2088828,2448800,11289
262,530056008,2516115226,39857000,296005,16088999,123440,904700,4849
263,1246819980,2262917413,246826800,1542729,189326800,1056167,1566999,6851
264,1207164870,585141000,386575899,2364530,474282699,1902871,3036400,10010
265,2614063537,3913041047,288343700,1639672,199988399,797757,2528300,9028
266,4875731664,2492646833,135896700,776820,149415000,711371,1958400,6612
267,1786406810,123892699,62123500,394922,62037600,318499,1862800,8538
268,1693549218,3020846146,217712700,1334030,284583200,1370832,1648899,6669
269,1187043118,1972460489,90187300,624623,70778500,359188,1217799,5627
270,392917369,1676966625,247199299,1458101,106025599,576357,1624500,8160
271,1190350140,1096800117,43944600,252272,46401101,266618,1269500,5517
272,292210360,456706084,171154900,1154929,377003801,1793597,1836700,8040
273,1414506599,314755078,320635600,2045494,416199900,2038487,1467000,5691
274,3010869261,1147626393,183917700,1255408,107587199,586103,1896701,9372
275,1022930866,1273418792,32116499,244529,62538001,272630,758900,2933
276,2267212413,1589781505,172860501,1102881,89425800,555280,1532300,6615
277,704344934,5104646731,107898800,793085,82661400,501661,1980101,7811
278,189103621,308659000,9985300,73446,4644400,37892,429500,1935
279,266224557,864034910,240879200,1628121,223579600,1094823,1630200,9209
280,444753847,1770329337,95068100,724715,61140601,386249,1165401,5286
281,1140780394,444733396,131027500,861548,133628201,751272,1327900,6450
282,351861456,420268200,208933000,1423334,149963001,688998,1704201,8948
283,3677937571,356728370,103699800,625705,138914201,631139,2902400,9154
284,3256262584,1484657208,294999601,1852885,333911500,1755949,2316899,11587
285,529831906,95282604,333530100,1876506,371719299,1723668,1779900,7881
286,3174696622,354624156,172633001,842258,135592700,696283,1631400,8113
287,1258382380,4929194739,403409501,2160929,502522700,2136830,2766300,9739
288,679720470,1285515824,290770200,1645448,228495300,888227,3249400,8621
289,3329373834,27136027,78734200,510351,87697701,510793,1484500,5935
290,3120058094,1182725605,313887700,1428538,174919301,670411,2060200,7554
291,280432192,55463148,8316599,62044,8881800,58030,355900,1318
292,582136449,1271491307,65961901,421095,33194000,178056,1352800,7009
293,5329213071,3229025007,300754500,1638470,104988900,573999,2327600,10278
294,7224424,1609396479,219592901,1305389,821976600,2099111,3051700,10333
295,118815,33395303,424300099,1458685,557035900,2013733,4953801,9631
296,4421133545,1367779830,211844000,1312785,114680999,641260,1652599,8384
297,812253449,302778796,74284701,469184,49764500,290388,1011800,4153
298,1231715427,3502493838,58115399,405571,59370900,309454,1078801,5021
299,1578631519,279622753,386179000,2173870,424304899,1910527,2407000,11452
300,2185477320,126617718,422260700,2391971,394576501,1859861,2971199,11542
301,1485015713,3251815008,118611400,823412,105036499,610215,1627100,8951
302,3640514635,251541681,76187300,530968,31573700,218924,561500,2394
303,2187783782,582825561,353542200,2022987,415595899,1975309,2427400,11029
304,1414903751,1250198637,278445200,1275398,90384900,459355,1453100,6102
305,2586426,1102566663,288571500,1406179,257649399,1017856,2548401,9612
306,856664775,333713732,195285801,1079536,201172399,827526,1242099,4854
307,1116275365,1282793017,404827400,2041836,538800200,2087418,2986600,11582
308,582119726,27039715,395184400,2048691,475646100,2001039,3301700,13387
309,1125182327,3757558160,186390200,1147331,98730700,561453,2269100,9171
310,3165565757,112336664,146830499,984066,112645600,627585,1339001,5924
311,294740866,1105271005,336696199,2037357,404129600,1956228,2191200,8769
312,288218451,2064284110,93173299,617904,57679401,329774,896600,3382
313,3957216678,1603880666,4256600,43987,19776000,146796,622600,3050
314,310504114,1234026157,241680800,1674948,459952900,2073159,2147900,11320
315,281707195,842084758,119876300,829547,53893799,349482,1358499,6355
316,126020750,1762198136,108234900,791009,62939999,398706,1100899,5065
317,4307272675,310548915,9511201,91324,4918101,40938,286299,1314
318,3189325413,958431150,108139900,808481,71163501,348301,955300,4689
319,539036709,2357948339,6015500,59457,7261100,55177,288800,918
320,480913474,1546256975,28910500,214197,18533399,136430,520800,2605
321,1315526036,2598646136,315934700,1759255,423446700,1635841,2482200,11219
322,2588080740,25549487,406791600,2189828,493480099,1988431,1782800,8111
323,1699299504,2222287516,209673199,1336421,324471801,1531618,2544401,11970
324,1576077356,510183672,88101199,469599,42867901,271677,1302899,6230
325,1834657559,575384,19462001,165290,30846200,206756,818000,3731
326,30616734,251739588,396545400,2218335,421492500,2010869,1651700,7238
327,1106084599,1295076467,233368101,1614256,270982200,1189593,1723799,7221
328,4198584609,1164767672,411007101,2386793,472609900,2029423,1800900,7510
329,1531139565,4728473135,251590500,1662424,284612000,1087629,1606201,8020
330,1296214256,846310759,251100400,1537868,256704700,1131015,1817801,7586
331,22527627,303793334,425056801,2041183,454814900,1779636,1863501,5924
332,1141455374,252126296,31794600,217566,50372301,271730,1360601,6337
333,1700616017,14791307,63945400,416495,78295900,419135,1255199,4991
334,4941860501,576874269,230690700,1281105,453537400,1871574,2001100,9586
335,4199695630,1533881388,330947600,1828945,519501300,2125439,2185601,10662
336,2423007311,1863486811,420444900,1985706,482960600,1726847,2097100,7532
337,3285693038,2652603797,281292799,1118424,158373601,722615,2009400,7952
338,3255541487,1087007993,125615900,808330,65741899,372227,905500,4757
339,1456755771,1103819952,250523601,1410557,257961299,1202746,2064100,10592
340,271844677,249495287,505584600,2387858,649580600,2195306,2490400,9559
341,279387166,2370448363,271037800,1362976,262522800,1087119,2200400,7856
342,1126788043,1024930845,177613399,1020572,306269400,1326948,2323400,7636
343,1096272881,261756273,275793200,1465727,277445201,1217059,1924400,7578
344,5258438007,4023326097,51579800,338248,32829399,186836,644699,2813
345,2395964677,2984771512,187888801,1100570,176259200,846177,1435200,6734
346,1600079328,1351127423,251021099,1562764,188120800,997635,1710900,8794
347,1165763718,3105371792,20339200,149758,7672300,52420,450000,1392
348,75884326,4961855015,31097601,222380,24918699,163632,845000,4245
349,1195671448,1778463711,247243600,1481106,413518701,1785757,3314001,11566
350,3415386922,1114992133,99588699,759428,144049400,812781,1424600,6066
351,1137629829,2073427980,318741300,2025450,404609799,1748972,3808300,11751
352,2617899060,1569555558,207527900,1134022,138583700,577567,2644900,11203
353,268810099,66208702,208172600,1204631,145580801,676103,983299,4101
354,2669730891,2306891616,82772400,567334,86885200,495853,1642500,7934
355,558821426,1028799637,7417500,66164,11235101,78344,417000,1638
356,1454211886,4898087255,8874699,75012,7963700,62763,310000,1570
357,1079619383,1622733387,368541800,2324987,420176199,1994309,2122000,8121
358,447046431,2453875807,155968200,847440,185389900,833217,1665599,6561
359,2293078686,252126293,152547199,997011,208553399,984393,2220400,10380
360,444243330,3909705087,360270899,1882613,477256299,1986764,2191100,9875
361,1689548721,256188466,434535400,2164158,429070801,1976292,2067401,8655
362,1137294860,1137710446,74902800,527324,101282200,392567,1192099,6090
363,1295033569,1209565815,313397401,1834597,412886101,1775504,2135700,9302
364,308665076,1243032884,275694000,1709171,192414599,1049311,2067100,11448
365,280547225,244976234,42293099,339925,23768900,159822,862400,4235
366,119607534,3284061677,225027500,1254308,116642699,702643,1632200,8067
367,1153165462,7712508,334674200,2220562,474870699,2040548,1472100,7085
368,4386930044,831049913,156479401,940263,119652100,685470,1626700,8544
369,262228577,3034207162,6805200,66441,3862100,34155,345300,1428
370,3516759151,2395964754,85515301,636586,49904900,312932,1113001,5770
371,1168742171,269936863,140186401,998935,247315200,1128910,2145301,10661
372,986067506,2966751882,34132899,231883,17419500,129669,818101,3845
373,334162700,1581574771,16182200,121971,10194100,69772,522800,2457
374,290350018,1137670632,371277100,2236378,198907000,1104833,1652801,7092
375,725098052,4964091,61790100,446340,69091199,273153,694300,3136
376,301085551,256323742,198391100,1230019,153217500,646319,2111200,7049
377,4576263943,674122741,259919801,1493284,371048200,1781268,2732399,10095
378,617752098,4971289147,348815800,2018678,409492800,1983370,2720701,11414
379,1102566719,896101840,21465000,173191,7294300,60171,557301,2767
380,1579915186,5081781216,84260199,582156,58662700,336220,1146199,5627
381,1281711757,669098730,252926599,1518766,441888200,1988024,3194099,14574
382,1369477643,2693133253,24931101,198036,50409600,278288,683800,2768
383,4198584596,289851255,40832100,268704,25636700,146852,612600,2336
384,1261815581,860910402,259748801,1563787,247352900,1129024,2259400,10887
385,31226176,2229462775,176876499,1045455,484062500,2051467,2700300,11178
386,491552503,4378818600,314734400,1892768,407517799,1757713,2706900,12096
387,442157981,1216800855,331441800,1831765,357663499,1447028,2255400,9431
388,3258985563,1151760152,82313900,506311,59755100,339706,920400,3906
389,303796006,1297455557,15942600,129013,10773401,66737,354600,1086
390,1137443909,885243245,137512300,802072,80216899,416238,1621800,6580
391,4252216056,386871142,145117001,986028,410938701,1946206,2099000,10302
392,2363323909,1274871430,84776600,644465,72107699,411077,1357500,5748
393,1490435284,1119677028,43645400,364870,36569299,243915,603800,2741
394,189059495,391276245,153939400,1035476,47770400,297383,1340499,6438
395,32629322,284852841,165622600,1184891,425282199,2102505,2406200,11636
396,410647087,1731840631,166523701,934373,93655800,532475,1279701,6117
397,4285715547,345856531,30323801,246805,23702699,168256,796500,3422
398,4790270341,1089544362,135285300,898120,62661201,401583,1909100,8308
399,76812761,1229828144,124372100,856777,136951300,760165,1699800,9144
400,3829933223,105097274,331737000,2080338,318829100,1703549,2589201,12508
401,251123850,316320060,416279700,2352657,327107901,1188415,1733700,6628
402,251127213,277550227,5041500,48388,7422400,59726,709000,1083
403,1244959756,3188792765,374277000,2328122,580936400,1875652,2861700,9400
404,1805279360,4569387379,428308799,2211848,457399499,1987406,3996801,7977
405,1404517790,2258728396,156107300,829607,112040000,573331,2035300,7246
406,1244152857,290826309,300402801,1719661,354092101,1761645,2777800,9896
407,2068760113,1409553016,196749400,1265315,146188500,739221,2707900,9495
408,1165827302,339434332,100003900,653635,135237000,584848,1701700,7831
409,4199695661,1147522312,413916600,2223501,414496101,1977663,2334601,9723
410,2792790376,3210808961,179533999,1158575,155572400,840443,1689500,7622
411,685787422,4560927472,209918100,1267946,85076899,488501,1205400,5598
412,269273442,692696,144806601,854924,96791300,574997,1542901,6648
413,390850199,633679544,26192400,188074,18890200,120762,838900,4030
414,2640098557,1578270263,355753200,2207137,345251600,1430030,1545900,7098
415,61172934,3398642400,238304799,1289674,178300100,884141,1901499,6590
416,2184582747,2519482980,82990600,579819,100154900,526414,1531600,6875
417,1194448702,1035592183,47301500,314744,79618700,380432,1818301,5734
418,588694186,1145379147,382410900,2163476,424268699,2112538,2599600,9172
419,3158423017,1436301169,84427699,296009,66049000,420724,1205100,7006
420,5250554826,1618946893,257015501,1648108,155970200,772391,1752999,9452
421,412785380,614833568,215067201,1375211,145561701,757681,1957399,9224
422,351863952,1113514624,138376900,846842,77544800,386784,1634800,6004
423,33724170,94038959,15473099,121193,18229699,122459,848701,4199
424,4193671579,1427436681,140859399,908077,303400300,1350415,2127800,7765
425,671542629,1826425989,98220800,647029,87366300,431999,1961801,8938
426,620083878,1356753446,396759200,1992324,552094300,1989147,2525900,6087
427,290677781,2972150612,225238500,1313957,69124700,386407,1080100,4675
428,3999913816,506335963,339577700,1874904,451311000,1902917,2627499,11008
429,2639493255,2037152555,288931399,1744546,350159400,1627199,2272400,10148
430,1588199877,4870415961,444361400,1929456,473332999,1976236,3743100,9076
431,4579139367,1138708468,370494600,2165410,443769500,1839867,2491099,10960
432,283313126,272267680,208868500,1377214,115941100,579586,1234800,5946
433,1100353173,1385084309,257544399,1643221,219585800,999057,2244600,10516
434,3925147852,4868689361,209761500,1509973,492300500,2258906,3439701,9615
435,2516622507,276261081,337623899,1722834,476433000,2027749,2599201,13855
436,251077078,4562525381,426328300,2358886,438824800,1885453,2156700,8945
437,482455446,3006854028,201300700,1224740,431628200,1757682,3145600,13579
438,261727637,361438895,3616200,31371,1727300,13314,216400,621
439,1085989524,1616004294,117139599,684332,89271001,339185,2486400,6923
440,1219025341,1147522651,439298800,2219056,462200300,1809815,2633200,9649
441,1103674352,1145294533,47486100,369465,38451199,237950,1248700,5252
442,1235135882,1829384955,42342100,327778,104256100,513182,960100,3416
443,2467608973,4029480282,396500501,2039794,388878800,1934228,4030601,10493
444,1106290497,3958681436,44544700,382083,87927000,520883,1237100,6778
445,454347782,2645868450,161678299,1137693,140808400,690853,2094901,11053
446,3476268177,1117582509,282519000,1746663,380710500,1662517,1779200,7489
447,2327548037,1764961637,52792900,309897,50523600,262779,1107300,5140
448,2174116033,3263820164,110247400,728958,126579499,702848,1828800,7465
449,711900658,1159120525,36115000,283331,19126700,147708,730100,2921
450,2937553168,1080381693,357319299,2392514,357166001,1937118,2163600,11310
451,2594406427,4501699166,457140900,2131383,241792401,1072916,2973800,7573
452,5314772838,3240221048,47697900,377720,30996400,224099,809000,4175
453,2275894647,1943102446,314450400,2095643,409091701,2066044,2448699,10542
454,2500118597,1142172121,212271700,1523603,212636101,1024870,2684400,7347
455,600368898,450149740,310464600,1917923,332330900,1733744,1796799,8729
456,2483196707,3618282273,48954699,352263,55682900,303410,1918800,4988
457,30560521,3619148176,132669601,623344,83995999,499468,1737301,6825
458,665423462,4414781374,47301600,346032,68492199,350071,1795201,5513
459,3063299218,2789344552,340231800,1747819,296845899,1123444,2417999,8850
460,2382182166,1124622455,462183400,2409844,441382101,1833773,2401100,8841
461,440902322,446092208,50926999,350460,29955200,216908,790999,3761
462,282018568,1083074590,365556600,2378264,488755000,2139109,1857700,9045
463,1931258874,2192583395,57791099,428383,55473700,324224,1343399,7236
464,251606055,349235234,356397799,1975613,225704799,985468,2468500,7330
465,4429608270,1072927348,172878399,1201575,125476799,751891,1890800,9332
466,518046449,287318046,5556400,56351,4606600,38592,454900,1368
467,1306229922,707834020,89776700,674766,45662201,289905,1387501,6840
468,428254483,1242106955,122023299,880805,176968400,1022749,1937200,8682
469,1080381342,3439434193,145974400,1015776,386104401,2043124,2436201,9833
470,1098161626,282024998,16806100,150281,8978600,78955,614500,3058
471,277627017,603896487,211055600,1544505,199839300,1126463,1540599,8093
472,372798503,1690463071,40263400,348483,34702400,225243,670601,2954
473,1127675022,3481296377,388705100,2127501,376475900,2021692,2020200,9916
474,3412740581,4103059642,465384101,2232717,403973100,2098671,2604200,12020
475,1413926919,1756261136,8160700,79023,18511900,140637,466001,2239
476,445798670,1370395221,314190400,2131212,389918301,1862599,2186800,11918
477,2429146028,1849615616,136553699,846460,39039700,280083,1369500,5970
478,265446414,1083296378,141532000,1013843,235814400,1279504,1894800,9633
479,692946572,1089214648,319858700,1796942,357380200,1748149,2485601,11158
480,3708486071,3256192693,83378801,618457,106701100,619342,1240800,6262
481,949472672,1213801741,48271100,395096,38906500,255862,1144701,4984
482,1728870342,264129451,16510101,154064,12127699,100005,513100,2537
483,447560577,1582185477,75961701,607988,124214901,642250,1540700,7237
484,1561074304,1575520232,108757900,820372,156304601,912164,1601000,9031
485,1248811504,2442813238,221897200,1570073,192746899,1093058,2291600,9587
486,1126061818,1616870185,383927000,2253408,435780000,2100015,2520700,10560
487,269009153,1736947441,1022900,11431,1224800,10933,73300,278
488,1085449872,3211403800,39788700,336135,28442300,175944,871601,4597
489,1313902826,5344827023,328808200,1692733,246470300,1074216,3204800,9745
490,288939326,1625204105,329145301,2117187,250460301,1452209,1893400,8571
491,1788567364,4217608503,385688200,1963057,374328000,1746671,2257700,9408
492,1203772476,1262325848,243159000,1591928,199883699,1127443,1824300,9031
493,278599552,117915,99102401,638668,39671901,245252,1309400,6680
494,4692779443,2319508881,234581200,1659621,207519199,1162205,1848300,9102
495,2869221736,2627193123,383159900,2391352,360294400,1927491,1712100,8001
496,4788446876,1498671449,18490000,175247,16021400,130358,585101,2987
497,1209653115,2214656624,324323401,1854755,229305999,1311072,1851100,8569
498,2224789959,305725236,28604301,219708,36960099,265046,1040500,4072
499,4327466832,3640514596,287126201,1724398,416431501,1850523,1599400,7065
500,1978418877,1686070442,10136000,78716,13789000,87636,774200,3327
501,3795846300,2312072278,253674300,1194889,122632001,563519,2939400,6954
502,864034610,1201791940,240310900,1471705,247562599,1155620,2234200,9818
503,1145576599,1096310226,324699499,1821741,495344800,1962765,4007300,11323
504,3737643035,2334979797,341944200,2267636,472443099,2085801,1997400,9744
505,1411434752,3160855888,52803400,413096,27334600,202619,1053600,5837
506,1144065383,450180044,151209200,1076004,134823701,737905,998800,4911
507,988905057,1727709935,119114100,868041,151954200,908819,1958600,8744
508,1021403066,4180296907,415633901,2257557,400500999,2055626,2026700,9856
509,2844686311,279829185,79649701,612192,87066200,407826,1065201,5660
510,333134458,5182324524,359616701,2319438,370333100,1841612,1763500,8428
511,670451216,1147138442,398574100,1757365,402951400,1761543,1906901,6765
512,1377590133,1119574506,40249301,305701,38195700,221211,1087901,4861
513,747911816,1458116489,278640199,1733696,190236100,1008894,1805400,9821
514,1096800006,5226303620,202906300,1105164,148734901,829515,1503800,7391
515,2058835706,1414518350,342291200,2325883,366905400,1934436,1809499,8272
516,1082009388,1103724305,229432999,1289425,192666800,1111535,1814901,8777
517,1125193215,743378305,35850600,303632,35155300,223045,824600,4177
518,1270712269,3389301328,201391299,1424180,119628700,726515,1527100,6626
519,732811884,4477569032,207506900,1092999,143173100,637734,4859300,10832
520,64856365,4633374988,40445300,309892,21910099,168423,494899,2380
521,1148889153,1734348827,56410900,436418,79362100,548363,1071999,6071
522,1248952150,1483749216,289987400,1821884,325736700,1570861,2019700,9079
523,878526806,1018436379,51581500,389349,38670899,209378,1547700,5168
524,2962207371,271243716,199730000,1287356,116812701,669243,1742200,8755
525,3898443810,281412072,179456599,1220434,106957100,648405,1240000,6576
526,670682275,2046506832,278560800,1451634,186273600,884769,1422801,6195
527,20839567,1170902853,329593700,1920451,398977001,1941359,2963800,8981
528,277452147,1591303021,124113800,893168,68843401,384113,838401,3346
529,472213080,660742336,337655800,2264511,415370800,1995191,2130600,8240
530,2269954771,21455852,133783700,925153,56347199,341986,1117500,5658
531,1601716473,534339120,54175401,413176,63534300,429035,1108400,5602
532,527255596,4355220972,204962400,1258716,96453699,582148,1384900,7597
533,1847435485,422669668,162433801,1103858,73981300,462826,1690100,9013
534,577473479,3503711921,318422199,2073372,361532201,1726294,1833901,7859
535,1325258407,4431610843,143376200,942618,71447900,452354,1334300,6722
536,256287160,4874008725,83850801,635725,54011399,393330,978901,3430
537,310879708,1268214253,287290100,1792731,342054201,1709867,2101300,10441
538,1432281235,3090289280,100046301,674785,74649000,480620,686700,3188
539,1028727658,33153149,205636500,1315130,136611200,549073,30619101,7746
540,3982769102,288393112,361814300,1945747,479655700,2020259,3705000,10688
541,1151760129,1070276261,34095400,272776,33997600,189710,718100,3485
542,4918987372,2493506640,173490401,1206296,398239699,1799821,1463399,6250
543,2090465386,264519180,188138801,1242438,444609800,2092962,2390901,11150
544,151025013,527839839,267565601,1610478,114329400,680295,2526499,8271
545,4329700830,429245480,186854900,1359650,129513601,692817,1602999,8141
546,3476268022,3680678000,333165200,2081433,406452401,2127236,4503200,10743
547,4839136893,1688831460,332320800,2267466,396933500,1875158,2292200,11913
548,1151618148,560005518,269360100,1693764,401919000,1916187,1975999,9981
549,1298267006,382956913,450235801,2300720,389100899,2047211,1811500,7957
550,280669587,1274080966,287116300,1742897,269027700,984179,1394300,6748
551,2513659767,2501444106,111026001,754520,43791599,293122,1447800,7370
552,5224760406,432506400,22634401,198705,9770200,82062,652200,3177
553,3811211063,3285809458,3497401,38823,2591600,24376,287100,1389
554,2233590844,3065575707,90126200,674092,81579700,372661,953101,4087
555,611661992,3235206065,47899600,401287,27195600,196817,968400,4808
556,1183277531,3158423218,24325800,165894,12013300,97067,561400,2900
557,1569406320,1510327515,211172400,1499117,153331600,773917,1867300,9602
558,458321965,2990667759,38690200,337357,53738200,332964,938100,4746
559,973685655,4621421774,27502100,226870,16832801,134669,795100,4142
560,287089901,126020762,180978300,865094,51246100,338436,1321100,5939
561,3262975600,3404439925,36157200,264099,20260699,146772,998300,4607
562,1266858153,738838969,300188500,2020577,400028800,2142808,1896600,8578
563,1931047105,403412313,113535100,619461,24950100,183901,1051900,5586
564,25614517,2231455614,326392099,2270892,424708200,1996170,1609200,7459
565,27427693,411614124,151497299,1073531,387441099,1943214,1436100,7495
566,656071953,603156899,45440900,181706,37197100,111307,888300,2218
567,4427012213,251448509,5440101,26866,4070900,18529,300700,338
568,251827150,3719162410,408057100,2197988,413592800,2026241,2310900,11532
569,2079097719,530103770,229868000,1633658,393309100,1916497,2347800,10983
570,880801407,1390335287,76153599,561770,40764600,284172,945700,4681
571,432450765,5203306457,96316500,727784,60430900,375454,1215101,6409
572,4289087520,2347150954,164311600,1173455,151468900,691049,1606800,7953
573,5149601577,249582236,207165199,1458323,131192300,718820,4112500,7916
574,20923501,280466361,118045100,874913,282183200,1463443,2144300,7826
575,4438230835,399771783,72018800,521587,26517701,191324,750400,4161
576,253819571,1608423525,150744901,1061700,109947800,658468,1337401,7088
577,735026600,570663,323341100,1958504,331407200,1712596,2009899,9414
578,263407536,2813909821,35683100,294893,12477300,101772,645600,2862
579,4086020513,2214510314,226072300,1666132,358003699,1599462,2017600,10767
580,2122682936,2457376857,227229601,1656595,401566799,1949323,2346099,10494
581,310879703,417280441,376563600,2264442,420039100,2010964,2333199,9346
582,452135349,1168492699,16580800,104267,5335199,40947,316600,675
583,1153310575,506350521,333039200,1939669,412742400,1855790,3936600,11320
584,259983162,2411514884,333813901,1942771,420605901,1848995,2070100,9369
585,1124844571,1311823809,330277401,1942474,437041400,1912653,2226900,10044
586,1128106859,443699144,439249099,2244089,369159600,1932534,2898700,7210
587,1091807481,3657487850,217047600,1322413,109015200,621826,887300,4141
588,1114488486,315981769,354269700,2194745,431937200,1870212,2508599,9907
589,4494088483,918739327,364062199,1731777,184726301,837294,1892000,9170
590,1457092123,1068965037,48962500,390959,95538299,530720,1164100,5488
591,1183090196,835405546,199445799,1369571,183181800,987528,1465299,7856
592,1142148720,4462122030,301130599,1803039,320026700,1701456,2417901,11359
593,5241869412,986067506,270739500,1839242,414004500,2019797,2634299,14045
594,4285001510,2509782715,434418799,2406249,370249501,1927692,2445200,10901
595,21455840,1569484974,177111001,987931,96927200,604063,2105799,11949
596,2497108078,1246360069,316531900,2044672,432651500,2014588,1947700,9134
597,75620277,1122279879,283425699,1643297,166882800,895376,2007800,9369
598,282018622,4621421773,67195200,456827,23670200,150569,1662499,4274
599,332343424,3777851166,3528000,30459,1650601,14427,164801,545
600,280394986,525850559,385215800,2055174,676701500,2202162,2263100,9794
601,4436237700,3254033760,78886500,564181,128047700,686490,1500300,7460
602,2375811706,3696540140,402887801,1887224,228056301,1012925,3818000,10134
603,493428408,2411655480,146168099,982158,85171900,521313,1714600,8511
604,3897691709,2501426745,302762601,1805575,394522999,1861244,1977201,9424
605,3898761356,2338107518,244687599,1433749,171555900,1019574,1426899,6127
606,2005343935,30945338,207641400,1510369,363012999,1931041,1909900,8698
607,360252188,2655529839,10165600,102441,24395200,186920,659501,2126
608,928788369,1571946337,159157600,948971,69191100,384043,1119200,5801
609,3893969003,1576155315,187422200,1384049,367943700,1855603,2744000,12764
610,1089473854,1268944557,200114900,1391679,422923600,1731476,1561800,7611
611,1689446192,1145892531,20545600,175426,8617900,55650,431001,1765
612,1157883100,582675876,295403300,1810531,274849400,1522375,2342201,11894
613,32347844,1283395418,179424300,1228526,429866999,2185164,2304900,11534
614,264132789,3494599306,338569999,1983735,261607199,1198213,1723200,7521
615,1604088060,2501125996,169378399,1173683,112342300,608515,1442100,8124
616,1268207459,275541138,312066601,1927381,482198000,2019221,2259200,11051
617,4874419064,1576155080,161571600,970022,128749500,668342,1413100,6873
618,1550093715,84873732,387017200,2076746,390338800,1785625,2605099,9391
619,119100963,1092791414,25613400,182506,15820200,73278,1164300,3249
620,1172899589,3011981885,308961100,1488968,151379401,713876,2116600,10652
621,2745528737,4176680448,84933699,630344,59425899,437455,1151300,5740
622,30561923,2142658593,22227701,182537,11393900,95373,817800,4080
623,387788547,1587649570,2118399,23350,6216199,56017,278900,1536
624,1147627054,664773886,158633800,997676,245554000,1086255,3188400,7231
625,1301903244,2919245069,357394700,2105273,364936600,1935372,1511200,6766
626,266165302,1735720334,5851300,53694,4982600,43235,314899,1507
627,1503717949,271843771,301377800,1728951,262036400,1130962,2939300,8213
628,4558555585,461987800,305117499,1988546,371683700,1785928,1039901,3972
629,258381270,310877949,152475701,933315,72335500,436597,1757000,8743
630,911745645,3368020802,325630500,2191704,414611399,2075567,1852700,8867
631,1141413184,2955845819,172831400,1135564,79165400,485768,1411001,6985
632,2989498320,3352115423,177225300,1275068,195428500,723870,1539300,6551
633,2723546733,2606351633,87090000,609785,47458301,318029,1335400,6426
634,4847381488,1454308299,83475900,610633,85840501,540833,1083000,5374
635,1194160005,3675300418,202699400,1394859,146935600,810233,3049900,9618
636,1182725529,1873136723,73612900,568290,114281400,580690,2326500,7051
637,264514149,3678939334,34124701,243222,16515000,134434,524400,2610
638,281873608,3953434949,99039501,732499,97482901,575575,1155600,5538
639,5188179698,2964712198,187364199,1066641,103191300,534429,1343300,5861
640,448896997,2293009592,106073199,739488,88163900,535472,1578000,8640
641,673934115,265406615,60957000,460528,46906800,327763,806700,3139
642,3796126000,2876504333,163148600,1149910,360880200,1850696,2400100,10156
643,2514050613,669098735,26441201,213287,24621300,179120,1120899,4887
644,2686172925,937036048,42659200,372696,65054500,396882,1384100,7142
645,3577234165,1486379204,40572400,350245,55215001,174491,642300,3597
646,4538664288,1446646106,78466999,477833,71161199,435898,1216201,5836
647,1563032773,434115105,163781900,1032236,123533500,631248,2650800,7875
648,4040512605,366041409,317171800,2035700,363611000,1856114,1929900,9751
649,878629692,301999679,149644000,878797,96891799,586446,1925699,9828
650,253112043,1097906291,179768800,1265646,128003300,762118,1742200,9234
651,4811992091,1388306271,416206699,2400414,376557899,1934301,1915500,8556
652,957663432,656632775,292546701,1815126,358844801,1821203,1521800,6982
653,1240771790,1103788085,204274700,1240350,121814900,687088,1559400,7033
654,252729374,1116137684,7051900,73300,4278701,36649,186899,681
655,282645857,3484050589,143545300,1023627,513971400,2010024,2129900,11312
656,3262418188,2497527704,44648000,356302,14895800,116035,754300,3473
657,3823999781,5404146365,295688401,1953862,388170100,1858980,2241000,11012
658,1131209952,4927554520,162872601,1060114,118438001,671012,1059801,4837
659,3114604470,2566297059,64169300,462810,45459200,305748,849800,4167
660,3497811833,455495289,109283901,833733,77384200,452068,1468100,7763
661,1672133346,3106246874,383452601,2341314,377005501,2012352,1998800,10666
662,3208314789,191840112,357966001,2246616,376081200,2029298,2110600,11411
663,3720824628,2571175678,362037501,1582249,214265800,1093484,1672001,7825
664,1943189479,2752315486,406852400,2159102,489456600,2022946,2902101,7001
665,526956380,169457513,426709300,2231255,430867000,1705513,2158499,7985
666,3702877623,1433648985,8040300,71176,9047600,66848,437701,1828
667,1210535632,368356863,153922000,1004216,143098000,822293,1690499,8392
668,1095047780,1096242238,227582600,1396337,368757600,1898383,2252000,11023
669,2844724814,5160947659,300990000,1984588,380557300,1932893,1755599,7651
670,1794657068,317575252,209282400,1325597,245755100,1316528,1500600,6824
671,4775908776,1193023085,203553700,1537761,210776600,1178626,1940900,10997
672,1093620263,1105537005,361813700,2362862,339836101,1764154,2206000,9773
673,280313622,295078561,313474900,1904929,322029601,1647260,2649100,10599
674,2264662785,1972996890,451551500,2254693,358765900,1580845,2272299,10840
675,292363913,685350973,215563000,1290254,312269700,1360036,2217600,9842
676,5064954376,420861737,191086201,1290406,116196699,661426,1542001,7935
677,3687324615,2181371728,7002200,68831,10295200,85857,408100,1491
678,26727347,2415181590,174598899,1325109,340169000,1813195,2473900,11467
679,3571126422,1097996671,279270901,1740475,317337399,1558752,1910799,8318
680,1148888803,1757717650,224609099,1522105,192056799,1064804,1688799,8447
681,1907662263,4186939996,30521300,238497,31572801,200029,660800,2716
682,3672917267,2654273668,30821900,260760,40885400,284216,862100,3947
683,2805289847,278297560,155561999,1078907,180387200,732460,1798600,9910
684,27380646,100892635,275116500,1683778,332982400,1818372,2067700,9358
685,1099806254,2265557930,182166900,1327538,188413299,952320,1875400,10463
686,1091923438,1650173320,339637901,2148258,268883700,1404612,2193899,9736
687,3339355492,1390302621,89517401,529131,120330301,471012,1044400,4404
688,309770712,3150850176,138797099,848260,172071199,764214,2714600,9675
689,552393587,1181149705,289672700,1678242,445607500,2130252,4108400,11721
690,292459178,258870046,141901999,1002813,385667099,1931227,2497799,13022
691,1693237931,90751399,27173400,228874,13799999,112394,764801,3979
692,1746805167,1169666109,182381900,1269295,140071800,807987,1954800,10251
693,1091229064,1333811773,209287100,1417990,201534600,1130737,1598000,7224
694,149129468,389668738,443445700,2050208,376933700,1937841,3574000,14256
695,3039172030,1159750476,127655100,863551,58779000,350112,1259000,6696
696,4521955083,2704484554,36149100,255098,14471700,105080,446300,2155
697,262160381,427736905,133139701,931579,131737300,657378,1327999,7021
698,265848980,4509227307,229008400,1604807,188144400,1116313,1476800,5644
699,3252794070,896101849,19271900,177280,22126900,163707,879101,3221
700,25434885,1250668372,70014600,551592,64278400,402043,1438500,6159
701,4955394535,1042383452,31260999,271332,30490901,225558,641400,2511
702,2387935412,2404434619,5354500,50698,5575900,44155,223201,826
703,1107667633,1089563425,257156299,1431229,168859900,986211,2034500,8081
704,1755427886,1305882077,105415001,786393,192747800,886257,2197799,8018
705,4787717594,3307386490,148067999,730580,75374501,395734,1856901,6539
706,274250257,2281818939,94490001,609822,73222900,401763,1988700,6219
707,1829481032,1139386820,63737200,420427,50726701,243786,928100,4045
708,251837094,1257210389,66991201,380153,31030700,193336,1921800,3047
709,4061104776,2650094443,186619000,1166438,348004000,1695820,2381400,9957
710,310656965,1124861430,447566900,2153299,433657100,1994471,1979800,8924
711,1616044674,281953445,6655701,66054,4478800,35806,394900,1802
712,314076421,1949714341,142473400,1044880,340050700,1596160,2530499,12822
713,3398632424,525850319,346572401,2040683,436259000,2137351,1632200,7426
714,2066832683,2668715495,100258000,702868,119952201,738226,1192400,6891
715,2461611252,2334349001,288716700,1771874,199753401,1157380,2661999,8043
716,3206726912,2491430997,150888799,1036025,118951999,635164,1326399,6376
717,286426942,21455272,33272600,240674,20143701,116182,782401,3880
718,1688756919,4961117543,183710300,1104315,382608701,1893796,2634999,14242
719,1432281284,685079701,139256699,856041,269505801,1126831,1879999,6946
720,4126212037,3557583184,155329900,887556,64232799,397126,1046501,4780
721,3336296162,411825766,65293100,504492,38405401,252907,1296500,6721
722,289549487,1157351501,346162600,2192928,411420200,2050919,1699400,8359
723,1255047996,4876515197,207730400,1438429,140773699,789645,1026299,5356
724,674703732,390176761,325882000,2101228,419663500,2038495,2859900,12343
725,2479375132,1746728053,333142900,2159158,406591801,2003701,2373200,11993
726,430421033,30218033,433621400,2375302,386995500,2047876,2069700,10445
727,1328815625,408432542,12482400,110570,4938400,39763,562999,3057
728,502198711,299514029,362082399,1933477,391493500,1858660,2233900,10248
729,2881865949,361523075,83325000,614200,66040600,374954,968900,4664
730,313844580,3906809642,109076200,606151,119264700,600486,1836400,5885
731,1693071970,1485257029,123108500,643592,47605300,305195,1709399,8265
732,1219627030,279736736,106046500,828955,103665900,619985,1241099,5244
733,2963076896,174105116,239173299,1654098,127017001,658585,1863300,8795
734,412063734,4927512190,82373699,518568,55770200,341609,684499,2902
735,1207132178,957247362,61689100,461260,37492801,235942,1126400,4957
736,885857661,4941860506,346464700,2216924,420741600,2042596,1780799,8931
737,2353730670,5112758854,330967200,2096153,378650200,1712124,2743300,7660
738,4292900126,248157669,389883000,2331092,305509200,1454319,1554100,6889
739,1097906212,3365333292,345348300,2148577,314455500,1735913,2159499,11485
740,768595577,2029473138,231232601,1237047,115623700,660316,1438200,6465
741,2342437892,2467142545,157296600,1150671,498359100,1979281,1944000,10217
742,4561414927,3090267633,410815000,2389653,459387299,2202933,2332000,11193
743,3426867170,308540210,71705099,481784,95264799,391876,1149700,5158
744,4785294269,2355285863,6888900,59847,4468400,33528,253800,921
745,371819308,370823288,224158901,1353694,77532500,454386,1622099,5851
746,4417407914,29972028,14979801,105444,12696299,96860,467201,1995
747,623720604,472121615,138631000,902765,317407900,1543457,1670300,7519
748,5111960420,2737213879,411565200,2181282,429835599,2063223,3598500,8700
749,3507171765,1657708264,72461899,525291,50959201,353131,1070900,4566
750,25246563,1137710466,281219599,1794172,429598900,2118450,2020200,10600
751,1098152808,673480571,145092000,989416,57233300,396143,1452701,7372
752,300823197,279152541,164274999,983099,68104000,443280,1603000,7831
753,3369326096,725635519,19906501,139929,13588501,108707,503901,1421
754,2390788185,310656951,334380100,2068713,429579800,2105308,2071200,9555
755,3639899013,797712016,102318500,778892,112775401,574460,712700,2966
756,296015908,3328801120,351213401,1936416,342832100,1822849,2102801,8652
757,3375241871,456992101,386979900,2319811,396551300,1884649,2076201,8797
758,3679207275,513746687,370097700,2145116,407207100,1996219,1641400,6928
759,32347728,2653535911,7337501,70757,5320400,45929,452501,1697
760,1418756432,2686297473,279993800,1678144,210494900,956941,1956599,9030
761,3333113134,3791081797,195921500,1453327,318884399,1602662,1924299,8416
762,4586133730,4256739938,63122000,452923,61879899,422797,920099,4067
763,1088505276,451686143,175902801,1284507,280094800,1446356,1997199,9646
764,1500771792,1260408819,366272200,2357426,446497001,2214655,4237001,9905
765,1119279418,420497716,46661299,337931,69778800,436565,1212900,5627
766,1104539204,1401269966,143058000,971294,368459001,1553244,2161699,9089
767,718592086,1400009693,271284501,1789440,370133399,1996230,1714099,8615
768,1549344108,3887956380,346346600,1724442,269156600,1129422,3284900,10640
769,1117387911,5266113543,153330300,1044171,118043700,681642,1433900,7544
770,265521841,327474800,228859900,1643619,129333899,768236,1614500,9042
771,1591513363,1347275477,19167900,167047,18458100,120521,663199,3359
772,1272420786,2194418755,88490999,520406,34231700,249677,1367499,8215
773,29511709,2038107402,62010500,500295,72396000,472830,1133100,5652
774,280675231,253680401,55986900,426080,56684900,356048,1164001,6039
775,1362219772,1153183556,41486800,349153,25831400,167897,1117400,3131
776,1948125581,4589973322,260213600,1769820,395051000,1959441,2362600,8888
777,797207399,4706323411,221466000,1573876,150868101,896381,1200701,5949
778,4955087916,3145415831,40693200,336886,32993199,222627,1188901,6799
779,1558195920,2218328482,7028600,65136,4777700,40450,413599,1747
780,278770644,265468189,335122400,1806531,398590300,1952415,1861699,8853
781,2307520755,2882887677,133469500,935826,188913300,1078361,1693300,7614
782,3101771052,2426385467,258607200,1343110,92033800,567704,1628000,8623
783,1645401100,249580738,364962401,2302804,231330500,1225390,1745600,8089
784,310655349,506742476,404343200,2064417,361430699,1734803,2919799,7577
785,4906164400,1588859135,108949300,795200,104755900,538358,1123799,5008
786,1182942997,303796038,201037200,1290451,107498800,590621,1304600,6720
787,223625211,605035078,99512900,625289,66793401,346647,987000,3433
788,5083574792,1937180386,141705400,843848,101642000,556402,1411101,7236
789,5033267028,4708678150,247929399,1555967,140364100,762191,1284501,6003
790,280548040,5143457059,412810700,2232432,401823000,2012223,3007201,7972
791,351864576,1224606112,235401100,1641674,134435000,749194,1724600,10290
792,495272348,30217956,367694300,2360503,489681000,2117137,1478901,7155
793,3114604468,2917607286,49437000,314884,36033299,154682,1168100,4296
794,1979169024,1213393146,376959200,2245379,429430299,2083874,1809800,7829
795,3810408218,2185197200,214000500,1385173,212602301,812055,2026200,8352
796,1279869831,1314237855,89091399,715579,120192499,679690,2536600,6511
797,1636613277,2316135210,320686301,1779510,319253301,1577790,3072800,8328
798,414994636,73233714,315987500,1968071,297822300,1604166,1376300,6853
799,1141998332,4381098113,73582300,568909,37548600,233292,845301,4597
800,1113376042,57736420,220844100,1286497,144956601,827274,1592301,8181
801,3276551755,4371190406,6088401,39496,4711600,32096,375901,1140
802,2989770519,4589479176,22697100,137677,10234600,64770,936700,3408
803,277633685,279700685,194558800,1358477,143746799,857270,1742400,9049
804,3377257235,118421636,160334300,1089981,220687800,1230866,2020300,9750
805,289713813,69136053,139034400,849467,98912099,586831,1362600,5365
806,1259582029,97889379,242102600,1646097,170047000,968811,1356401,7117
807,1217974148,2254267107,296497500,1696085,352782600,1182565,4586800,11249
808,1583918290,4715318680,291774601,1832249,108956200,690446,1676600,7744
809,1082026749,1038257440,178314200,1334531,450527401,2267386,2055100,10269
810,759791930,3194668079,311869501,2009796,386343101,1871349,2334601,12124
811,3153311001,582074670,50764401,384745,48988300,330337,1181700,6634
812,1221738974,268690302,189470099,1212658,356468400,1767525,2199000,11177
813,1126389732,27163005,186414800,1311055,153860200,886671,1944400,9053
814,1297490296,1022931134,177595900,1231276,154380700,799669,2115999,9569
815,282266606,1273418824,17851399,169532,14744600,124843,438901,1925
816,271926938,1170483459,125795001,853727,58088300,349178,1365799,7480
817,251692572,2523283725,228058700,1610203,123153499,751313,1233000,5385
818,158694058,1031026452,158142400,1125282,83879000,517039,1483100,7469
819,5152217366,1863685285,184974100,1205558,219590900,1190117,1278500,5453
820,2359406655,1269551086,180887600,1153146,446827599,1769153,1979200,9682
821,1121793285,1151844685,440343600,2105464,492968899,2072515,2180200,10669
822,286833094,322883391,344231500,1945290,429759100,1997629,2058601,9662
823,292971532,264274602,6328600,63681,11580901,89336,256901,981
824,1510041535,2265530317,360843800,1794369,410578300,1618652,2868299,7302
825,59597037,520167773,225528700,1059991,179353900,713990,2185800,8547
826,308298228,286459802,34620900,234001,9809100,69355,560899,2664
827,122759202,4510168374,246222700,1350144,429344600,1801474,3305900,13070
828,4750395283,924663777,408184800,2402097,300630200,1295598,1885300,7607
829,5209483696,1785335466,110870100,794944,131056200,778372,1922901,11261
830,4927543559,371880364,165200200,1067007,517128500,2111879,2253200,9012
831,1038008328,251825572,174186700,1282768,373941899,2000938,2535701,13955
832,557888616,1184270148,325725500,2017890,407698000,2118446,2252500,10308
833,3936192852,5097842735,68208400,515998,69367900,374266,1656600,4633
834,968514047,1277218242,210276601,1513225,226886300,1034491,1278401,5887
835,288086846,1139548449,174115799,1326758,311293800,1680288,2431999,11013
836,2837937872,71429805,34271301,305250,58656499,383308,1304200,6478
837,256189133,1144117790,164727101,1111943,160050000,838836,1779001,8875
838,2072599033,2061834995,2210099,19630,1931899,16586,111100,349
839,279824829,311226861,260628299,1763670,359906501,1914445,1759500,8245
840,409551828,130104996,191212301,1257489,157767401,906140,1868801,7390
841,3487727532,443491253,4342400,43586,4838800,37084,359200,1253
842,441236956,1142989383,271906200,1773851,313729599,1604178,1719300,7859
843,1168538918,2415181651,200432199,1009406,158370999,790927,2063700,8652
844,3374093564,1907942961,81856099,536197,32042600,197341,1189400,4542
845,4818098665,1279471332,205416699,1543830,276134300,1541013,1934700,9497
846,3906452393,288087031,367240000,2266835,322239799,1761523,3026699,10506
847,454388036,549767776,315183699,2149251,388732100,1881454,2341900,11967
848,3010018722,4428928286,64580501,432827,28279300,186783,968000,4746
849,3642866949,318606003,156158299,1214479,404635000,2065582,2151301,10569
850,1194159970,252155626,79326300,626831,100196799,634295,1104000,5728
851,1691772519,4065668760,44883200,375761,12777800,105175,891899,4100
852,420229457,1320930023,169130099,1151824,90327900,557369,1503100,6594
853,117791,1086691860,55551400,360344,52203999,305425,1952800,9356
854,5116104047,26630869,46684600,389273,44484200,295565,1290099,6657
855,3006116524,260996249,58456600,447601,83769400,529990,1607901,8664
856,3001198560,3960623002,176070000,1251692,91477500,592748,1086100,5358
857,1249003766,821844061,282819900,1939658,366264000,2032932,2467500,11216
858,289888209,2214440623,213322700,1596943,374077499,1682889,2253099,11746
859,2262981197,26364797,42402701,335690,41939700,264789,1307601,6285
860,403195821,1787817548,316871500,1960289,393587300,2049580,2590700,10262
861,2209837678,2395964690,362628500,1892006,228078100,1067835,1724000,7557
862,2661384317,1215535490,179544599,1263058,60056500,409216,857701,3095
863,1801254756,280439037,120556001,880816,216328100,1280619,1380200,6474
864,2265557947,2294517619,190745900,1221875,88866501,592166,1722601,9135
865,4208636790,1000083802,56445800,438286,37849801,268885,1139600,5584
866,370094277,1080722294,120387200,847113,64217499,402633,1563300,7618
867,1772680947,1557919768,274104400,1717232,114466000,659773,1657799,7619
868,60118835,3667721583,23419800,204016,13909601,111788,473700,2098
869,31455250,4984376824,266118100,1763763,439182700,2129869,1449599,6742
870,1301903325,442298420,106885900,774481,80479299,475434,1891201,9325
871,4512735893,3472637702,374036599,2300427,413328201,1661301,2260700,9929
872,1283395226,1587649819,22518599,155492,10390301,71832,841000,3486
873,727179585,5422184742,163155801,828690,168384400,733155,2173500,6632
874,29511756,664191870,223271500,1358493,461071400,2213181,2357700,10003
875,3299573075,332299094,21155200,194619,25278799,184991,539001,2158
876,265565544,26579673,323148900,2078531,340226400,1837315,2604400,5519
877,4782724512,27351323,331962001,2257379,408272600,1807097,2340900,11509
878,384951280,247933146,231841701,1573925,152980300,936252,1834301,8685
879,288702125,416457947,125249600,875413,141050901,768594,1438300,6300
880,1155139128,521335737,382087401,2313177,403460200,2116381,2341400,8249
881,341476103,1300015927,343524300,2382474,424707301,2073477,1959401,9575
882,118446,4578378453,1513901,15800,754601,8220,71299,215
883,271243548,3890243536,333839800,2136196,294719000,1198815,2506499,8099
884,1077295717,306245519,229310500,1593760,145637900,882321,1782400,8127
885,269172217,345366914,329162700,2006792,117644900,723091,1169500,5090
886,1028136327,369939342,83969800,663336,51078101,329432,1250901,7855
887,4710845524,1098353802,43829001,361430,44656300,244705,1187100,6640
888,2395964842,1160258661,18934900,168771,11093801,84342,597700,2769
889,3252793901,4348199877,54441000,287157,54140200,375330,646700,2943
890,858858586,289731845,130392800,919035,48303800,321070,820999,3535
891,2990568679,3679561767,38396500,324563,26917299,210307,636399,2993
892,1891992385,4777035143,57385400,437514,14844301,104253,949400,4151
893,1640430605,1019725345,219486901,1593869,223682301,1200578,1636200,9468
894,2047056355,1426905879,158837599,1081817,326298999,1652066,3001700,13298
895,4788404828,279223670,333493500,2100600,375814200,2029151,1884701,8493
896,1576155460,2984521342,181503501,1142288,107781100,636850,1354800,7266
897,1616870156,4796733540,96641700,754210,113653800,745815,2071900,7629
898,1375976069,1604950349,164655901,1222753,102196000,635366,1782300,10340
899,4561416331,292971494,76723001,561619,60658301,361527,1982400,7964
900,2274706650,623883,288646101,1778108,367727400,1733530,2125900,10217
901,2897142368,3225586749,113633900,755828,125787100,692282,1467000,5127
902,3160854759,286911372,358565601,2069985,406767000,2040118,1737899,9029
903,2443460966,5343388969,305122899,2016416,299681700,1683666,2307000,11149
904,4129780509,3281200562,74291800,567861,125995201,498005,913899,4745
905,1019822885,23050187,326770700,2082756,395560700,2097538,2173501,10000
906,128653281,698646,319382900,2199616,398157901,2032726,1538200,7538
907,2655704474,1393692315,148309001,966998,51795200,344901,1094400,4336
908,316845179,1165174287,120345601,841798,61508399,428086,1610800,8051
909,1034080336,338478377,140205301,993335,143323000,770839,1164000,5084
910,358141328,31233785,363061000,2400967,386831500,2094172,1654200,7263
911,4938969798,576698690,355568900,1999420,205907800,967261,1951499,7180
912,2450301089,957888131,80700500,223876,15404699,101924,584300,1901
913,1088791478,2409929352,56168299,403555,46692401,271281,1603999,6747
914,1728658038,1576077500,77652800,503636,44550200,266611,1585201,7517
915,4523427685,582174840,243489600,1668252,443514199,2066490,2912900,13457
916,2061835016,3763524404,197954599,1274163,218435900,1249279,1596800,6389
917,289686969,432483665,55875300,432962,40135199,270708,1148401,5639
918,1098088240,1142283131,18614401,153821,7461100,62378,393400,1638
919,4673108448,3262418215,296788100,1914334,397358901,1989349,1738599,8068
920,392389044,3283601713,214345400,1602524,398002199,2186611,2869401,10762
921,2052595157,2222287445,182955300,1343637,248124300,1432593,2487500,11131
922,305717907,628604,93362500,740815,81783400,473348,1342101,7144
923,1247136553,5284276344,368435201,2256808,339984300,1814499,2241200,9624
924,5294658777,439994105,65053899,463407,21627101,159568,879400,4141
925,1491939065,2588851178,60331300,437745,43467599,301522,1643400,8718
926,2392418874,1945673298,363596799,2290057,483933000,2125159,2658200,9917
927,277623206,1205574437,181504800,1356219,168112200,997673,1294400,5447
928,290677804,334161142,244411101,1473500,157436400,940237,1915699,9621
929,2897815910,2283127980,28695000,226521,11646200,97600,501401,1962
930,271815195,1167004122,101191300,715511,71532600,494880,1078801,5181
931,1181188182,359153215,293817600,1916467,346440599,1865064,2376300,11390
932,27130602,1181811052,291224201,1915749,394557800,2077270,1991299,9292
933,1599245914,391158221,312032300,2107277,438006200,2101292,2509200,13040
934,3152957423,3913584981,70562201,542122,51817800,350954,1029901,5094
935,1330926382,1084257816,66889899,530866,93057100,599863,992200,5683
936,5319007216,1467674173,311955000,1915282,296775800,1330860,3391201,7880
937,4849476147,495560775,335115999,2229388,420366100,2045085,1445499,7105
938,1289317688,1467683916,89800000,693637,52975500,329717,1182501,4080
939,75614429,316479033,301133800,1673011,216709100,1150113,2134200,11277
940,4618478354,2059672164,264533499,1770323,454999000,1974284,1688701,8359
941,3474815710,337849002,84546900,641827,47799700,319925,1670800,8142
942,1150007573,264991059,128890501,867894,180096800,1007407,2007700,11169
943,4383620870,276199489,358327800,2138414,398900401,2150291,2889799,11633
944,2440444714,5322913419,33601800,286137,44954600,274065,794800,3093
945,1983554842,1177805285,274880801,1771726,348576800,1920188,2272899,11781
946,5242699092,245466461,324081900,2159454,189660700,1108551,1316700,6590
947,3666256531,27166982,432123101,2371266,451366700,2284840,2398500,11176
948,450144757,31460085,73817900,566367,79143400,395015,1354000,5790
949,97980309,302778799,316121899,1905666,387825400,1872178,2102700,9164
950,318236967,2393740180,141664600,856319,186766599,993361,2810000,9280
951,271843752,245404237,393171100,2075521,200303400,785625,1239500,4514
952,3889780909,3758380992,190094801,1298288,443097700,2191436,2374601,10396
953,3339648215,3251873995,234829100,1394918,397909800,2172454,1936900,8952
954,4285184036,4525073310,8815500,83922,4095600,33283,310099,1165
955,3801242448,258410300,280404599,1926123,376080300,2015215,2722200,12780
956,1114550057,258411384,215852100,1597912,359113400,1849580,1780300,8069
957,111558026,3272888980,156617100,1057691,385374700,2031333,2299199,10379
958,1578752620,1297078714,308581501,1686697,255809101,1056836,1995100,6766
959,1305726129,2258177694,134900,1129,681701,5078,64000,135
960,1509547512,4059611266,236240900,1451929,214607100,1004034,2033200,7428
961,1914927771,4730392841,339014700,1974076,383726600,1604905,2164600,9085
962,4549357353,1028819397,37897599,303350,67991200,367294,1313000,5631
963,111644116,4366281558,52212800,396882,73128800,409245,1218599,5030
964,1277218350,32994474,238250099,1596186,178212101,1000624,1198700,6115
965,247933199,1420267316,311678200,1889629,411777300,2130284,2538200,11654
966,1138254632,2513187668,40228900,324858,17911001,137943,850700,3842
967,300319565,443747333,300484301,2050553,375761699,1529240,2399500,11908
968,2401522759,654084147,6882400,62160,5313800,38537,268500,1038
969,1576178528,602444220,137393000,929898,46162600,303432,1441501,8097
970,3533096154,3186251689,76551801,285532,41185400,278733,647200,2978
971,255444959,2153613591,35491900,302856,62319600,457582,1091400,5571
972,3505312093,7853946,47502900,390879,18631700,151492,809900,4052
973,683428160,85765641,305282599,2019498,361851801,2004270,2088999,10915
974,26266206,334213067,22422100,195051,7132600,51075,576901,2602
975,2506835597,26526270,435368101,2006255,407850999,1988528,4175600,15179
976,260212329,1441030796,91310400,702001,24272500,176033,690001,3469
977,3479586701,1016919166,129797399,915722,292630000,1535797,1710601,8110
978,1496112583,3724806172,242959200,1477644,162093101,931178,2149299,11231
979,5149953035,1604315113,317433300,2120513,369190499,2039201,2107200,10968
980,296014638,335319851,36646199,266110,11859900,90970,543700,2235
981,1227758264,3211662093,130256900,784072,80240000,534409,1129100,5404
982,3168248834,4244288132,11485100,102243,12150300,96074,491100,2327
983,1303470069,4418680724,86176400,689138,60289700,412501,977501,4121
984,292019249,1558656851,125352401,852410,64293200,397790,1051001,5463
985,3170100830,745834751,160789800,1190560,101438500,622607,1296300,6715
986,413408734,4198740144,230098800,1451410,113848500,678796,1367100,6796
987,1258865656,390741281,27552901,237336,11437200,88260,740800,3391
988,2229462778,288662772,304737199,2042797,341148400,1907977,2596801,12544
989,339738671,2333040076,340160300,2081207,377980400,2003817,2054401,9634
990,4839251148,1179263010,73445200,528816,145585400,677908,2314800,10332
991,3791966028,1591399725,108300400,522497,79919800,339838,1473801,5926
992,5104206851,260909542,89308299,604277,110268900,616792,1590400,7473
993,1298267000,2852225150,29905699,227304,17693999,126701,589101,2639
994,2216801042,429971111,183820599,1329945,387699999,1920958,2249700,10691
995,1151804013,4052385446,21224600,179473,45150100,286730,811801,3289
996,334163587,3824426613,339539001,2253000,448629200,2201412,2215100,10924
997,3656785496,265958080,186130100,1274215,115521799,526336,1033000,4448
998,5053624710,1106661721,362629700,2340783,376437601,1907175,2207600,10349
999,333176804,1303189721,215799000,1442652,169525800,692164,1607000,7455
