I,From,To,Dijkstra Time,Dijkstra Relaxed,Bidirectional Dijkstra Time,Bidirectional Dijkstra Relaxed
0,318236626,317189850,259613400,549603,210708300,617718
1,1369124666,4209719933,26910900,91643,21338000,79837
2,1315414436,95211943,63702300,272463,59235501,216045
3,11429838,2330322076,50784901,205013,43322401,157965
4,2055933422,26656134,341161499,1134483,379074300,1110194
5,25643721,176798789,132368000,515124,63682500,221132
6,685342951,2398201855,135481600,490871,68855600,209878
7,256632310,312377073,102914200,404979,67895999,241064
8,1119603699,3464274609,11428300,60718,31960300,115746
9,3149756044,5182914262,240582000,881709,121074699,426261
10,1698554231,281897038,73629099,341804,106357099,373946
11,3174696768,1531139589,188807700,809131,114548000,412658
12,1135400848,1601440267,54817299,250288,47891400,182938
13,1280470417,1108912108,61977600,261136,37316501,144688
14,285882226,269778850,145660599,630899,332639201,1043466
15,1147549514,1185457262,109225800,412168,138820800,456579
16,432622368,2990544848,23260600,114877,24011400,108802
17,2315337192,372765763,196395899,419332,92963900,351287
18,1738635792,3382716611,47771000,211631,78426001,259592
19,3356133745,2311967087,160367100,663413,100517999,374252
20,392815946,389151282,296690600,1164168,270689100,852701
21,3915790730,1036133490,270214999,1062248,295090599,1005047
22,27435512,3774077399,116860000,487789,307791100,913009
23,1250668370,3681416110,65157900,268847,49553200,209991
24,4982023333,4823913064,49415200,231807,48964600,193294
25,4929152957,1105536577,304628499,1155469,190522099,625738
26,523055283,4195973180,7098200,45158,5550699,28426
27,1126297251,623567692,262716500,931029,306357501,967158
28,34002226,1660725878,150984599,656986,446949300,982487
29,1952138175,267244423,293661601,1155372,274011900,897849
30,331342377,457399238,290723200,1140819,299549300,972729
31,289547873,289133457,257602900,1003787,299291600,980291
32,1189995728,2069027801,128540400,530181,117243100,394813
33,2501558901,268818919,62609400,288867,77750600,294797
34,466518664,415912453,174248900,735833,105241799,380723
35,1148159647,882376718,26487800,137052,152199700,74040
36,654684,31994688,50548900,230448,28440899,120966
37,2816972817,321987685,215109201,795706,255424999,715240
38,2551278873,1141256458,227659801,859865,241295599,797322
39,310777582,7305515,281404500,1100314,310495601,1024328
40,4350042403,2724147063,162337500,710571,151084799,512387
41,2673690867,261167842,56198500,254675,43977899,176131
42,4329644354,1568204174,115227699,495811,291045500,965162
43,2579953697,47017116,31842400,160391,23680499,95174
44,2817897694,256187687,324802200,867666,164656699,561943
45,2062877920,3470915569,233247200,886695,273374700,899932
46,280488731,1312182440,64232900,280931,62945601,244603
47,1204032285,4123057946,76774001,357359,61620300,255134
48,2342437912,312565825,127837200,557705,267156600,880541
49,4876252547,299133570,291525099,898769,370458100,949714
50,1219552835,1200883422,168847401,599594,127661201,364685
51,560011402,1110741924,409322100,849135,331593000,740603
52,417816303,280410576,306735500,1083509,364624000,1057953
53,30146629,1463994198,18859900,88065,57694900,185329
54,1605581967,1099036427,244932600,834236,284834700,827445
55,280468757,538373598,110287900,364878,82846599,236988
56,5166024971,751441646,242775801,885952,270538701,878438
57,5305089779,3394943519,341532300,868796,248309100,793718
58,1275642516,4564267263,167779999,719079,201141499,680175
59,5049289090,260286157,126567200,547075,100700000,321683
60,820384614,4125266095,298578399,1093972,341870300,945165
61,2149103648,265276944,44328400,193066,27971699,100752
62,321346461,2587921076,153819100,519948,61368700,233175
63,3351572477,2919119207,280412500,1049175,479122300,961019
64,2603306870,4714006440,21858499,100378,24847700,83067
65,1575319384,1105108300,170669700,556990,92811599,270303
66,3088557558,1211052392,33905199,128689,39775500,127314
67,2681232096,1105601060,78297999,265257,30400800,106539
68,3914564740,21455547,21415299,91660,50054301,150201
69,2216066674,401853424,337780799,1106814,296388401,842716
70,4099893020,474600873,257562200,937720,306931800,922319
71,358158519,4351382580,10750400,57623,8639100,37637
72,1485397,385076557,252809899,884786,298613600,874853
73,5361023384,559992663,222915101,771894,478939900,958399
74,346155547,446258418,276804300,1103708,279348400,893351
75,4765134603,4811715729,140510100,567907,167907100,539339
76,1168537878,1699695754,255409700,958294,308577301,938925
77,1460245789,251834465,75271800,287390,62923600,196528
78,540414382,26655998,297454601,1134982,312178100,1057092
79,4983069082,3204790074,162787200,605073,449431301,957098
80,1500772481,1574251079,90238801,391524,57811300,225471
81,295340169,1024915635,52018401,225176,19707000,85847
82,1200542239,2047035034,238133900,830366,238300800,725025
83,1653078032,4506985192,124599400,515214,289681300,859160
84,1390986855,303931969,18387700,100983,15982700,70398
85,3031573737,300322428,177009201,723877,156037800,538437
86,459414182,1088809034,142063701,554335,286362000,902043
87,386479318,276218719,2540401,15776,1832199,12149
88,1355669394,197824846,126476800,493206,289807400,907390
89,7211086,279550630,98985099,408124,152159799,516341
90,2917912302,271806148,145160401,387859,104669599,348848
91,664743773,1132363733,189230799,778265,154221899,506793
92,290792030,49552567,120679299,486466,68745299,240479
93,1661299094,1082697440,37781400,177199,35088100,147432
94,1510047261,4530494810,267043800,971725,315392400,929825
95,1242372061,4884797160,9925400,57995,14658699,67674
96,1280028766,4905922250,240547500,899708,307068700,987751
97,7897071,4868687411,81247301,376423,68317801,197633
98,5091005537,5223337605,26942900,105719,15588601,66183
99,828676018,27195224,331538700,1060817,313513800,961697
100,3476268185,442000754,100793900,386520,105326900,321813
101,2232309204,1748832644,102674600,404293,78622401,257908
102,2987470479,1343692104,340869300,1166044,434928000,942499
103,897467701,421869915,338812300,1153774,328478901,906324
104,3104131729,1579915064,183875400,689312,193323100,593213
105,4995742284,430708273,7281901,46555,5454799,24909
106,53331921,1624082803,62485800,264075,51447200,192595
107,1412166431,2281255314,70755600,317539,47827500,195268
108,366531089,2306360006,235178201,851346,218166899,687116
109,1136367326,364429746,121070301,524264,133046600,469594
110,310655396,280968026,69961901,320389,51053000,169939
111,444812584,340422881,112447799,396616,92176100,307939
112,726751653,2266832480,90719001,382248,44652499,190658
113,174041596,1291615252,383854800,972008,349250600,1042950
114,2118464816,3326092002,262446101,861221,271463200,901518
115,2488791314,291888168,286718601,1119310,286730000,975701
116,1693464182,149111057,239833401,918809,286449200,862989
117,3265371586,31233406,422523699,1174811,277419099,906347
118,3889774597,261022081,31242100,148750,21604100,92379
119,895307607,1271497920,171802401,769348,339085100,1119214
120,303794397,4988047229,63852800,295383,60614800,247362
121,280698037,656632545,123931100,522492,74174300,276123
122,4940843859,38430652,209596100,763235,155988300,545695
123,1140780265,1414909314,277988500,1099997,166643399,463633
124,2217381411,392294351,94989100,365646,105466699,322494
125,280735910,2336879725,305598601,1075086,347236599,1055877
126,3374070466,302138618,155239100,376684,56160000,209989
127,2382124867,283136182,149211001,516140,77476899,287134
128,5216111328,2588150654,273676301,1064815,325019100,963079
129,1540773145,2512161809,193280200,751638,146790799,452320
130,824390488,312591639,51044700,211729,23476400,91462
131,2587691245,1611461065,172128700,511617,191052900,616406
132,5372258698,1217907680,237211999,819024,296571700,901145
133,1658471038,1578752640,41516000,176371,32034799,110294
134,3783172447,1574166951,310803500,1059229,313574799,929519
135,71681145,1169075764,243567500,898252,284992599,943116
136,3252178098,1187639817,123939400,526853,99917801,341093
137,316422759,234248118,2225900,15089,2202699,11337
138,321745043,1757556034,157559700,405282,141514400,379769
139,3249176312,320922807,46145201,184308,35227100,113410
140,2194738340,118139,164604800,591227,90523800,291001
141,3451123885,1976787660,125733099,471708,55422599,159620
142,436068764,278299348,118253100,408676,62203600,207963
143,1130992941,1380519187,178817100,680879,96342601,306837
144,534349269,1390302614,349353899,1095603,338302600,962955
145,3954290878,3873082570,118592300,465582,309742299,788627
146,321352925,4458282751,13593801,51796,18325199,48091
147,321356230,1092828097,57903000,220399,78618900,249566
148,1216108935,1582842111,336615300,1009753,240070300,651441
149,1465417956,1126108856,271191900,791255,160444700,444490
150,3374166212,1484895696,270702900,895485,346582800,879737
151,310129350,1091343518,265208900,740757,175053299,466203
152,318874494,1231110918,275195000,874810,255744700,758307
153,861814502,202874351,62452901,240280,111770101,111057
154,1983615833,738838744,375567200,980726,355471800,912319
155,4403331387,3106246874,8380600,45151,20542100,93986
156,1519108949,278710103,68397200,303356,29565800,124760
157,271323313,4938308571,141461100,577026,101228200,354697
158,4572017388,279557726,288872400,998383,293790200,816302
159,4927445907,441513820,84914301,335529,102162100,323456
160,2090465428,1804131396,95574900,377689,126001000,422095
161,1131547168,471612890,39484600,192535,27969600,112633
162,26198707,1705482978,326082401,1137731,276234700,865663
163,313987360,2061373804,274799801,1041564,277190400,849166
164,437117963,538260611,236238900,846688,143979000,494732
165,681886,308442945,51291600,231696,46408600,190683
166,1796669646,4108747440,8122599,42395,4230400,21246
167,387465025,681177,365666799,930362,279956701,867248
168,2566209739,281412090,106834000,450113,121865000,417352
169,1250474033,608647484,306411800,1171284,359029799,977447
170,2274749205,3513235272,35100000,170853,14386500,60954
171,312315043,2942006411,288235200,1008195,390923601,999047
172,1393827610,372527924,251179800,864076,303597601,866515
173,316429770,4202690997,336011800,879508,293072499,865770
174,470200728,2297871191,138273300,536001,147574501,476807
175,446290752,382034920,319537101,1122210,344316501,1068888
176,1905360316,365260629,119958500,417998,93320599,342670
177,31462978,31226230,79114699,347788,113735400,260638
178,271419778,1196611316,315033999,1088645,206199999,628495
179,576779,317189854,133120600,557188,305508301,893718
180,746854501,1159029880,15141800,85059,27068600,111164
181,1272381303,252127173,37899100,166885,60270100,213501
182,365962415,1139616935,414638801,1110618,300945900,837511
183,5049289116,855566439,68197800,278076,51246200,147547
184,308110901,25753540,29002400,128702,25204099,91358
185,1263350167,1088642387,201777100,760449,180850600,594177
186,2629282076,700037948,150461599,591330,70242000,260185
187,2291653620,925335743,4315900,23786,2275900,11352
188,700984503,279833014,274152500,853835,185964199,534373
189,366661935,1580610390,142192900,618596,283982300,922916
190,5226180914,3110806239,277950901,1075370,297740700,804750
191,1562860716,2920463596,134918700,425309,190620800,366085
192,1172176601,33675669,41176300,154073,27541700,95727
193,281807080,4937935218,71352601,217509,35918400,120660
194,3267999468,33955406,349989700,1158080,427263799,1012086
195,1287145437,4560927304,338484500,1128393,264519400,673555
196,30406698,25030813,426039000,944151,270227501,803633
197,5258048531,4708710601,21343900,106239,23897200,103954
198,2425841317,384843414,130180001,541700,53801100,222298
199,2343556214,1267087119,144205600,601047,314108700,935176
200,1080728384,1989440411,183803401,707718,121804601,370352
201,330567550,4642140082,257988099,836504,230555400,699142
202,1291615288,1650480115,122899300,445794,194428900,577987
203,340378108,118350607,249403300,910688,189771200,664540
204,1584052328,3339501301,313134000,1137907,409615000,914525
205,1120192200,1582223171,177503700,649876,256716801,689237
206,2225797346,30911550,355740599,1151753,354631500,1005800
207,2250913411,4551312694,278830099,997904,348655801,940438
208,4938708148,4349902998,161622600,521910,180126900,242729
209,265164908,30146623,115628300,283070,69921799,190606
210,25114930,430428482,285634500,809702,352478100,864309
211,3060625272,1244625002,142513800,462038,78471300,227769
212,3391417682,1270545732,73029701,263779,155589700,346464
213,846580494,2342163440,3725900,14664,2175500,9431
214,1994428815,280557953,248530800,759255,137971600,346921
215,279385195,1639350313,348953601,1126668,347454301,967684
216,281780993,1542849871,85407100,344153,60557500,207962
217,602640693,2458113534,320797500,1161393,363393600,1125444
218,321356367,670467348,179611400,493031,66520301,214819
219,280735930,1465969448,161997301,555504,56331899,167413
220,1373648669,3366252516,49229301,195990,45019400,154076
221,488452977,290826304,251228000,834949,263917300,803087
222,435264258,386162932,10446000,53755,49213801,35713
223,1136504268,1622084282,34706499,165480,12257200,57189
224,2398614148,250689577,201306600,761758,388758999,1115565
225,1510041512,2772438020,183112000,783321,146798500,435636
226,5007359414,281285694,139771701,524393,295807801,912189
227,366949531,898746821,11232100,60496,7834699,41210
228,2538648522,2327351755,258250801,994807,102154401,369547
229,4202755951,3328998914,155211600,683854,343025600,870381
230,4021978338,273406824,136051400,505966,70087000,248436
231,881415439,3636076595,128242699,489178,57230701,203287
232,5023332343,252639034,185442800,709430,111648900,379102
233,1205849558,826435602,191896400,757546,192341800,585477
234,333185278,250381921,52954100,209971,40933700,143967
235,925335727,1587155915,160208100,648055,60575599,234497
236,83729650,2390065778,147522200,633823,282161900,946061
237,266225719,3373309077,272195300,986719,307097700,903159
238,2522086567,18178312,344644500,1038200,278162701,749089
239,410627559,1080007801,280450700,686680,143536100,360845
240,280301755,410361144,209415599,585228,126954100,348062
241,1437729326,624331011,73206200,241873,50989100,141082
242,1419615611,2940710175,83325800,243592,34327100,88407
243,4354464,2390788118,162969700,434990,154027300,394306
244,253665212,1085830540,316514699,1019090,336482101,910552
245,5404387705,1973730914,41955800,189410,47780000,163522
246,4349641798,3079897132,222052901,783032,206574700,582102
247,2287008714,3977035892,288195999,1116689,196009200,689883
248,454580866,1873527039,153822300,672511,355840200,1012825
249,2500486518,2395964597,119478200,454913,96897300,322359
250,1199382071,31994571,401392799,1151310,349574000,1090991
251,670670146,1280755161,112872800,436490,97083501,335732
252,1577449053,3463286594,177391999,569775,86689201,231664
253,2058835817,2581728955,92320300,377880,88237700,273244
254,1177995528,289549168,249065600,694366,105257400,273873
255,456351983,2013555653,317898700,1111359,326766799,976074
256,705858109,2417425516,121321000,496567,73440201,256938
257,1652678803,442157992,61189100,268391,107365100,400359
258,4471270729,3449182815,148585400,477846,236434101,738098
259,846320202,3724892501,173277400,702359,154150601,512899
260,2035467325,2324852579,251933800,879834,231434700,631003
261,562623300,252109048,274894000,1050314,149563200,526919
262,1277725588,1301954840,257204100,1000058,324596800,891583
263,32993235,266664927,184594100,804992,140933100,511778
264,343436450,30942790,7762400,44825,4711799,26242
265,5341592382,3121140578,271739000,971530,276017700,672589
266,3812307135,280003623,100780301,379136,148043001,396139
267,1757494329,281975270,130128100,432395,237273500,620471
268,266645280,4524442056,141952700,465863,58247800,180267
269,29785582,148943722,314464300,987895,436647299,980968
270,2396284568,408447287,299789000,1060308,326046500,944895
271,303930876,5041988260,46120401,186867,28797300,109908
272,2216066673,1425441223,343362000,959860,192690299,588045
273,5408053477,294233407,251782599,969931,323575100,955108
274,1096737294,1141360858,195332899,711357,149390100,483219
275,1360618441,1100808127,326494300,875232,192413000,526776
276,281710378,282392939,38005701,166741,14535400,65841
277,2391112235,285269124,194000100,757320,117368499,373481
278,639306223,820446282,300511100,1104281,360062800,952078
279,4180480245,576724,391452100,1018730,290563900,808573
280,282697898,661301754,37922800,160223,25172399,92652
281,4496717527,271844677,29552400,135178,47098600,168991
282,1465313253,3203505899,413988599,1132808,457054300,1034011
283,1264097744,310478399,311917700,1015459,363583900,1039527
284,1077501892,4160829614,10160500,56927,57036700,218534
285,444647418,3811700792,31706300,139848,86434400,158251
286,2118398591,311599851,3368800,20869,1897299,11417
287,149129517,3691315019,17259900,84002,5601400,29051
288,344580067,4793647913,51069301,211463,45175600,172394
289,299615118,3974082572,292453100,1105188,307995600,854924
290,1477612445,4503168733,142985900,574337,351228600,840988
291,1137742768,4185604468,359120501,1110342,329875500,990509
292,286582227,1538694963,325401100,1161198,343966200,877561
293,623872703,1222226772,246719900,867861,316106700,822896
294,4123057896,3336238702,35131900,152518,26047200,95924
295,264907018,3587994458,178695099,676432,212743900,495890
296,547042111,1125180423,101617000,365183,77342400,219775
297,1814161246,2668095401,409237399,1174042,398976199,1123260
298,1818608218,302066608,186767100,777033,105319201,353573
299,1311721104,2070378719,36798499,184176,31522701,120373
300,312329741,2641818612,38025501,171470,44287401,163731
301,371400720,270458214,71108500,308558,57923099,200327
302,3268034099,4104452191,65677400,290478,48033400,178675
303,1084953234,3292622881,32562200,146827,66545199,199795
304,846266963,476892595,348325800,950385,398938600,916202
305,1176076082,1189879883,52339099,161844,17057799,48144
306,5053501139,393355270,267913699,843222,307273500,790362
307,1562922467,694685545,290033400,1065653,441129699,1046235
308,280286807,3060707254,89790400,263046,28757700,100052
309,30916373,1135482772,72884200,250034,22407701,84361
310,3965918830,274751798,129910601,509172,323667401,890755
311,251075281,245467182,336928800,1012515,380006800,975015
312,3762039811,1737598643,204491800,789314,209352800,664833
313,4521975007,1529375553,13717099,67713,5399100,29039
314,268814907,3899005223,133960700,559832,422877700,932464
315,2055745645,95378042,19842600,92663,10763300,46105
316,296445804,1582223170,131067601,481661,126417900,467294
317,2512161817,285884640,300383300,1105503,378428701,1055582
318,1588297629,12697785,264484400,802497,154097900,478101
319,130591000,2586660275,53021899,206011,44166500,160656
320,1818152436,1932865023,456523300,1131490,420363200,1049624
321,1531486987,457278542,258658901,946317,356225500,907116
322,280742859,831853375,238740300,868608,205331700,735506
323,1544935256,862030721,136294000,302428,87183400,247095
324,244907526,1427436671,119467301,395270,117643500,267589
325,2188954196,1413293275,161710200,525351,361357600,1002653
326,310654008,155731637,90434300,315845,81773300,231801
327,3741290527,95282566,324371700,909737,412139800,958107
328,257077759,3150280232,157519200,559681,486752500,1065793
329,305028596,1119074306,178749000,686652,124748700,424434
330,295513003,255381858,291491501,1135048,304578200,903622
331,1221573105,2456044682,302907100,896962,336185800,932962
332,1586671831,1142283484,283175301,867565,322026299,860526
333,3343890769,258378435,256542699,863967,401774400,1010958
334,4619249183,279654694,196498099,776874,67837199,246361
335,290877279,3494598725,114281100,446188,54102200,193755
336,3153983415,295209039,402149000,1143172,391214299,1062553
337,1172871874,2319014320,144483500,494468,57298899,193678
338,2393593309,1804517725,107417500,331230,46708600,158960
339,393463731,2093980078,282058700,1087541,315263100,1011838
340,403443173,4676263860,315615099,913064,205194300,610598
341,1129796684,2071260604,272944901,815336,263395799,593746
342,1546329716,1128414768,17442200,66263,7772500,31015
343,1184270132,1780930158,150312199,483817,40098900,145908
344,3440083313,5404229666,16125800,79202,9470700,46002
345,4774320789,1155138277,163722501,664501,59575100,230636
346,4785298289,1410123989,3759200,25508,2537000,15390
347,2908120214,1356121948,112355500,413547,61866000,196366
348,846289633,5223426810,5375000,28633,4685300,21823
349,417165667,245472076,174775800,643243,140255899,485856
350,280817498,563290895,8957000,47958,9562801,51776
351,4434857561,1091923968,232961601,815099,206799000,652842
352,1580191109,3795846312,222168100,794862,132720300,462248
353,728868863,278790608,297656300,1164091,371455299,1022478
354,10683445,59859304,28047000,128989,20622900,84363
355,4560207232,270091415,123111401,471085,78637000,295721
356,3783947249,291535651,337479899,1072253,308361600,923115
357,1697763882,1360394876,315282200,1139450,188392600,620141
358,660742313,364424677,168486101,507180,129830699,440302
359,3285814166,1142283008,74104200,335512,44881900,179123
360,2038571415,1618884914,40678100,188366,26860100,109837
361,401845841,566371030,279681701,1089823,361737799,980588
362,1725578630,21455328,301172699,967512,302742100,816946
363,71483597,1414879532,73815400,274689,77411400,248512
364,798599739,1168438650,165772300,620106,110657400,372974
365,1436707076,1740249564,286224000,1135719,313313700,1019072
366,112288328,3964478765,278259001,838710,179609200,611956
367,2485456151,737146871,190529301,796245,226070801,741615
368,2350713656,1438513630,279100600,1030776,303634600,732211
369,206373935,2247778967,192210000,752348,134369801,431400
370,3687324551,4774247600,176586899,702969,156086800,457286
371,1666611230,1125181840,200838600,506822,305775299,845759
372,918473110,761574469,134484699,496981,76521100,249709
373,2277851607,460404165,6465000,37446,10063300,42419
374,4280986035,4872909668,209823101,722756,161109301,453410
375,1297058565,2503821980,173400001,737798,332783300,936128
376,276219123,1148955916,193157000,775406,193521900,505869
377,414834593,4209986502,94122301,338185,39155999,147724
378,270143542,5367886696,192572301,745101,161661599,489904
379,1189879771,1575617472,7463600,35323,2282800,12504
380,2514867522,890448452,96009500,403933,52857600,195712
381,528730460,252111201,324971500,1148963,321391999,969210
382,33985255,605282583,113937600,473426,265622600,850146
383,257074941,1115789210,297959600,1092046,385604700,1044482
384,683408693,8328769,306718800,1084971,337525201,900993
385,2989498321,280871975,87605600,383169,119083800,391903
386,2916173499,4955478691,266016900,844111,218050800,574510
387,2206308964,1100888140,322301400,1126836,353266101,969271
388,73206082,1023085277,151403700,640187,387780400,968198
389,2466657092,825841352,192516400,512490,128653100,389042
390,2833163564,337956527,254402601,854700,247346201,689530
391,319089107,4868621113,186928600,536053,111969301,280205
392,3905350928,3152259795,393527400,1172612,390699101,1145054
393,1081020465,3109085560,76985000,339872,163762399,494743
394,484268416,281834060,304313999,1113840,349373301,956411
395,266228050,2056305178,241842001,906772,263566000,870495
396,1689133540,1612703728,15954400,65388,25137500,103576
397,277272585,3406817970,356724100,1087293,340503001,1017403
398,725895178,248209997,134069400,481448,66461800,245797
399,403412370,3901471419,110427300,410511,114542499,369660
400,1409057080,352709549,16094400,66825,62585499,104344
401,1234122911,2119637675,102463800,241655,61599399,188910
402,1249718597,2289712320,311167200,819196,275165400,581703
403,485959730,255935083,189943899,604045,83398200,250216
404,1754055499,2361327081,242038201,884097,229042200,751846
405,1170386218,268227551,205235300,586728,59437100,219845
406,1271497982,759791948,112933301,437223,35679900,137666
407,4521955002,420229665,157207400,621009,82844500,306406
408,3435618298,2381114244,290957300,1141292,419095301,1092752
409,290878240,673971996,18486201,100070,10453299,47963
410,1029583962,258374976,190784700,554878,144419000,255157
411,25643755,1818608284,174370200,429871,136081900,355653
412,3223293579,2054835150,382944501,918433,407025900,847295
413,2598009358,525679862,392785799,977437,377840600,1001247
414,2700972461,276126427,84586800,354341,190275400,405970
415,626484253,376650869,290832900,828839,215147299,592988
416,1098744918,3210032342,295655500,1089005,269875400,864653
417,252648592,1684475926,297913499,812641,210358200,552764
418,1119607864,611262311,133531299,428597,282419500,715214
419,100228714,2913295105,25056000,100009,92283399,281574
420,547035132,4897968515,137127501,462522,75897900,241207
421,2034815437,759791942,256588401,951733,316843099,879608
422,1514213864,4454270016,192438801,805535,108222100,396418
423,286999626,2260595319,42672900,185678,25857499,104834
424,1100854744,452135491,63181400,284294,71765000,267451
425,1107371199,3447426025,247368800,948333,313553301,867014
426,711697966,4120637352,272160200,984948,257916800,826820
427,324284224,1237693347,246183000,1015089,315669200,986272
428,1558555546,3960623001,173308300,444803,40136199,148438
429,383119806,2615990380,281395500,932736,122590000,381786
430,1937258720,3001195320,169375100,593073,336172899,882664
431,148480,4774321060,159770500,558713,418964500,1002087
432,305629323,1963463073,318136600,1052232,370364300,953273
433,1048456267,4616120145,67628200,260035,42889099,141446
434,855658058,281725471,113599200,376079,49488101,166408
435,118825,1176876203,288928900,996559,305163300,883082
436,1143667744,286914290,63970499,259335,69180101,244778
437,258378589,1298700874,64923600,250941,31914999,96025
438,1611059663,2294517667,143096601,368734,178326500,428837
439,2066776657,276261061,309148701,830011,367250099,920931
440,1357417882,674686232,156284600,487384,96734300,255989
441,1483972041,338760520,293826001,1015634,411626701,988513
442,4603984981,1939246840,48077500,204779,19070600,83804
443,413215470,2637014839,158485799,636819,96310000,331981
444,68372602,419134994,115843999,511552,369588700,965462
445,481014424,411273937,86577600,400992,96693099,338763
446,321728042,3152957156,4654100,27690,4968300,25513
447,2318155293,313547072,28414401,138149,16468200,73849
448,1119557645,1551032064,64208300,272295,71926300,225223
449,4428983829,1093786873,120990600,509027,78333000,281990
450,1142989286,527835165,236051799,874283,274765300,919209
451,307397542,282025024,4806600,28812,3864199,19697
452,1411408009,112289158,188529801,791853,142678700,514824
453,1242371913,106459813,246089700,949276,342266999,876191
454,429654009,436108435,124922500,391102,58407300,217173
455,1411647860,456214682,195909800,801883,126660300,371071
456,271243335,1880070492,150842500,629980,112915799,408981
457,279895076,1127674819,202813100,776380,170520501,536180
458,1610346511,414977906,190564300,640552,379196300,981870
459,1096232562,288136395,347701700,1076283,358710300,1003711
460,3721184811,1280520734,159646600,478183,143061300,378481
461,1216346296,1108870861,230244599,722110,177625300,468702
462,4911939244,4065829996,287633800,961933,287142900,911612
463,3221718949,30916243,51415501,211015,33989499,145589
464,4872974051,94069189,52360901,241671,64714600,238860
465,1092326396,351865477,134323100,389874,90009599,308265
466,60269632,7395022,157198701,563824,102582700,320882
467,2344600300,30362593,57635900,231360,59555400,197953
468,1105359498,1568967600,64979599,232041,50316900,176773
469,527344234,244466755,316033099,1092750,345287200,1023001
470,484699050,4898731066,196630300,805377,173284200,539884
471,2853613942,4434857572,288255099,1054389,369238599,963823
472,1312374637,272213304,28000800,138036,46643000,162466
473,1105110174,29813361,311176901,1153215,401172299,1004410
474,2034843160,4898272758,246014100,879411,414460401,829855
475,1094514406,3923207147,114680201,397254,137115799,375649
476,279380308,4534588722,315392499,1084012,323986200,975543
477,1568204130,4383620860,142863400,603115,111004501,296609
478,281699559,252323246,160973599,629569,335144199,1025101
479,3696537780,2876019521,122478500,462441,62482900,239982
480,2570247788,601064714,116042799,493160,284101799,845141
481,1256403428,1582808232,95245101,375635,72141700,227456
482,2642612193,4141454872,360717901,1075672,355826900,807433
483,3310357486,4208635120,191101400,710852,156013500,519011
484,2833163566,1430425023,61450200,277511,39426200,168224
485,4778644051,2197441661,47424600,208023,30793899,125439
486,4002327309,4787170814,111658800,434676,130363200,410190
487,1422138084,1231399438,25307500,119613,14518699,66967
488,295632395,2063782701,289681300,894231,290727201,820316
489,60885211,349301782,14348200,68581,6053500,31259
490,1415106623,4535774937,293924900,976904,380298399,947343
491,2349103673,321349988,373963400,1079208,307264500,808460
492,24965373,3801849309,58811700,232617,26970100,109711
493,2292224187,263435359,61247099,231532,28519599,115885
494,1023704195,26655833,313851900,1097947,309059800,932479
495,438163403,1160827739,333011800,1013710,322041600,973297
496,1722795251,355894735,183285200,761323,345613700,900732
497,1605494406,27165436,252444800,891919,344054300,958170
498,2319508813,1462675951,11787500,64976,9431100,51407
499,5325706279,3268078020,28315300,137765,71482300,282489
500,2737127019,4728473135,247566200,848106,210722999,660716
501,69038554,5323796269,64182500,238499,43380799,140365
502,4964014,256169499,221406400,790059,87394000,261889
503,1307093287,1277674360,71912000,253256,39702700,123488
504,1145560776,2991236349,19077300,89849,39779800,149144
505,30406734,1083314693,153620901,503252,376727999,990326
506,223422545,559997720,184693601,712841,145063701,436114
507,203126693,2068130122,42159299,184124,38672799,109779
508,249461192,2136700080,177043099,546001,155836200,288379
509,4584142207,3759024384,194013299,659953,244220799,721533
510,2334641283,369939341,186137599,720920,319436600,941376
511,1080381375,5177074722,39809900,176974,29946701,125954
512,2628338680,2318800131,27836601,130820,27326700,113401
513,404729212,1564398503,176351200,741156,140582800,430013
514,5043097808,309770264,194234899,682476,95354800,331614
515,1142411317,4962767433,61323100,256668,37152101,146352
516,4227292512,1562677029,41060601,169765,42762700,146541
517,244976265,4791502466,92400500,377063,107343100,358267
518,3762025465,434126433,254802299,831732,337227900,897253
519,3902364740,279237324,59763900,261331,22603800,99036
520,3673827497,2476577508,145249600,602472,98925399,353578
521,2253963993,27039629,290427701,994333,266717900,763246
522,174035357,26633207,291615701,1136796,397766900,1081932
523,3483996120,412776206,45197099,197828,45793100,173898
524,4729468685,2188699028,329906900,946855,397834501,867186
525,3447426355,940787618,182362800,590023,335457500,883916
526,1693520795,2379872088,141985499,601195,238026099,694215
527,3913031838,2189475164,108330600,420295,161063000,492183
528,1591513269,1503717924,4036599,24015,1460600,9529
529,660897501,271243537,171036900,691595,125496200,407741
530,2826141567,1165651803,262897900,864014,242032500,555296
531,1278642529,1565210109,198930700,640860,372407300,1103781
532,3426867157,1167199893,67589000,278648,60398300,210846
533,3769003237,251307747,269118100,901999,310334200,761472
534,2480988458,1104838852,38018701,163294,17944501,69677
535,3625305464,525794137,93395299,387274,32877801,130070
536,1103683683,319858327,117260000,456555,47511999,185872
537,1214672945,1139548271,186867999,730349,167494701,537206
538,4509529897,288876771,133213700,504227,258472600,826445
539,118421085,1688831464,279054700,1100682,352932401,1007945
540,480971343,30146318,68652001,319119,50209000,198247
541,1023047046,2327199181,217330900,743057,223852901,622793
542,267945838,4938660671,442359299,1165714,333490399,894243
543,1590937538,415883391,175621501,666617,383533000,1058745
544,27137136,1019571512,243955900,810611,224061900,739636
545,269777481,836654246,171572300,705622,88993000,312273
546,321869526,281686231,83545200,386140,47438999,184054
547,4956348141,1688791527,271933300,1012735,400016800,906991
548,394933849,122081912,128798300,492829,335954600,960830
549,258581871,321359813,74325400,325407,50034000,178066
550,2126601419,30619682,343371800,1093594,363399900,1075477
551,388560823,1601688802,42008500,195745,25863600,97624
552,2493506635,1197453142,86905500,365140,41415100,150264
553,2058553745,1631484219,306584600,1149414,246148300,772934
554,248448497,1304203398,215617799,631817,100243201,292517
555,538292161,696987686,182614199,720837,171699300,567774
556,1141256459,103097171,65264600,313245,60282401,237885
557,2394747644,711923288,103767399,437156,99888999,355739
558,250380081,206373848,60895901,280509,41962899,169937
559,1585543057,612403371,134690801,463833,112578800,393729
560,3152823236,296445816,231107600,821391,202735500,468101
561,3761374849,2398669414,385000000,1162638,313450101,965832
562,299652237,1690463058,170546999,661689,162520400,399239
563,1502138886,2431956419,335741399,1110956,289318100,938049
564,1116957260,262365061,300389901,1168117,392363901,1042241
565,283640171,1376712584,271632199,837134,485830000,1000448
566,2280463980,318100322,139407800,468349,294893700,861956
567,4587765990,3174293715,21368299,101725,11937800,55195
568,287726720,3357358331,77029299,333375,98586201,342868
569,3262417765,1375689706,281958200,975560,391877200,1016203
570,5223724436,4375505858,128915300,443800,116875501,308712
571,1104297738,401521695,37097000,172002,40016599,159897
572,1105109798,1014951083,116937500,465649,98483000,356534
573,30411655,25025416,224142900,876864,320621900,886646
574,4888492151,1181101911,250243600,835773,356779700,1041366
575,1761290685,410835985,125859200,567230,301132601,1011601
576,79321882,4538636922,80338801,348094,66503699,243932
577,5182345566,1397073382,28046200,140072,23118200,106126
578,313986161,1339906411,115878600,421633,75884100,286627
579,2376477411,4125266115,122819501,498383,48460000,192152
580,860238488,1269551367,126774800,563564,242816000,802946
581,1214672831,4811709166,33762200,170194,22632400,98716
582,305638354,685760207,16242999,87194,11071100,59257
583,4199695634,4194628804,35636100,180521,38343499,149122
584,4750978349,2817485297,27736200,134822,20673501,92736
585,2426004454,30333412,276087600,1129172,333057300,1038174
586,3757665427,280313239,302031500,1104595,134456801,464163
587,383913077,148524,265743700,1060282,292793300,962231
588,3911502325,624437954,159373901,701678,150388300,526697
589,4187943419,299452392,169425800,524936,127942500,399611
590,1537994140,1139661731,70644700,286486,19262100,84072
591,469329463,2411652080,65682300,313441,66947800,270624
592,338666991,1100516096,46315900,219949,48184100,191899
593,31226218,918473110,106349200,452420,254878199,850904
594,1131546999,1387201285,74265499,332532,40099399,165985
595,1165651797,2715370659,32867600,71650,4307800,24515
596,1041691464,1624464252,296656299,973646,293193000,818452
597,265651336,488579297,235765100,854502,214990900,745806
598,4912900964,612403370,2737901,18751,2186700,13714
599,4874278297,3568593310,170146599,689298,106800299,386139
600,1085830540,1225798587,293887600,1055259,288130100,905700
601,2454679177,429298490,111380501,429475,123009700,454625
602,3024263468,432622257,169531801,672256,137966201,333583
603,1502138754,4334772597,195680300,800479,221548100,725486
604,295721828,1287944337,330260099,1095907,339099400,979237
605,284993900,2780589463,113285300,443544,261300699,783907
606,1168526147,1296163782,129485600,410093,56611000,218950
607,1522096857,1397032132,289943699,1174869,366823799,1131653
608,2654800175,255729315,391651701,1157707,323001500,935681
609,1609396823,281260972,51411500,219083,23553300,101254
610,17177093,291858004,62994901,264704,50012500,184848
611,283752378,3110806301,167954899,714682,76681400,288614
612,345849021,2198903920,14610600,87944,21601100,96023
613,3619147660,4887015087,318721000,1127490,248655700,854351
614,4195690451,2428959012,112167401,478061,238890401,778248
615,2724221148,459781296,61621300,289476,44324100,176938
616,1126990729,2990568731,183038400,646874,135862499,475451
617,1603640550,281412097,8764600,50827,3101200,17778
618,478052503,4785282875,84574099,372077,78147000,292628
619,1573491365,297982764,123965700,499580,297962801,995193
620,1568013465,1179646981,38282400,194994,15309900,76405
621,821375655,387457258,185957799,664887,117143501,400024
622,280438199,989136504,318244200,1109820,134810701,471913
623,3359346595,260769680,190783800,731178,279155200,735838
624,1139480241,4963682467,132850001,508801,123838600,413929
625,1558645817,28390849,61208800,269556,49884299,185279
626,3419945743,450305520,71165700,322387,37108301,145707
627,31463177,401493666,124634800,553028,270247500,816656
628,911121383,1568212595,148444700,581712,85653000,280944
629,1099885683,1185457358,60993900,277023,36131800,150466
630,1273429129,4791701843,253257300,869657,216135999,568107
631,1422585877,3971771154,276722601,914928,275642800,869943
632,31233053,3913564663,268697300,1042301,393888000,1124592
633,1101882062,1578752300,161029500,665706,209255099,693620
634,3282110595,4496484589,79910001,370580,31444000,132568
635,3320199084,27117071,25996500,130127,21567700,93860
636,4504460929,725895153,177843301,640165,325224100,1039951
637,412189309,1469954884,274693200,909404,361402801,889865
638,3305788694,421429374,6119301,31837,3624100,16496
639,3455528363,610878928,313042299,946229,341267600,838381
640,252111338,2619059415,250113200,938146,285100999,916940
641,2367786039,261751049,106703499,446256,36803001,149759
642,457055814,318238707,234524800,692467,117769400,404157
643,1656614682,252111213,315453701,1157341,322154101,920876
644,2320886458,1841712380,252064000,942977,265837400,841856
645,1365570761,1262391799,116699001,466164,53646601,195493
646,1096799533,1863685186,170084900,725549,181484901,469786
647,1606653250,125463,255843301,1028746,279254099,946231
648,725895296,225814256,16594401,87097,24572200,100571
649,4616904717,7493319,17690700,96440,15287300,69737
650,999455094,84874972,269946300,1023171,228968599,558779
651,158644453,5007116102,203721299,798083,216668300,671541
652,497375325,316422753,173237201,665692,101795100,330772
653,490368157,1824546790,41571401,174666,40431900,68311
654,21455352,1102717041,329031799,1097849,343139300,970729
655,1412440062,2075367435,272993899,912095,384430400,917507
656,424439743,3682874188,73331700,323892,61134600,242232
657,3499035032,3262417767,248231200,920096,356834001,963822
658,3104429731,454849616,142995100,612508,68701699,244866
659,736974892,925335735,104166700,427743,39093301,165698
660,3021761445,1066061169,4501400,29316,6928000,39869
661,2217381385,560010542,124982500,509163,104797601,366211
662,1848735402,4853218176,140100700,483952,112179800,353921
663,1194798240,255492897,114109101,479381,161754900,550266
664,291856917,3675485227,290282001,1172078,286122400,925704
665,1382236032,1634997207,263224900,921512,339361700,868947
666,746315800,384656345,258301400,1037555,248195800,808973
667,1127767613,462678794,121267501,508224,114588601,324011
668,610713736,1135370514,3323700,10399,3620099,11913
669,5111960924,3910321316,264569200,744457,211026600,577670
670,1279868378,3739701261,39533999,178685,20689100,80295
671,2039102481,2856252475,282294500,1027118,341328699,985845
672,4778465403,618600781,30292901,128155,21540899,70863
673,566486795,1100397734,138074800,487541,72125800,264546
674,3008400423,1727204678,125929900,520321,93295300,276702
675,3284757698,1595224599,1598501,10456,2468001,12583
676,582310887,817213362,5476300,31420,2581500,15346
677,1407495075,698973273,26889801,133271,19142100,92689
678,1231696447,415315430,18220800,100252,8721100,45840
679,2512547037,280445076,124034600,534277,94279199,359458
680,2234989039,474683450,36730900,183252,36428500,145260
681,494615957,4927525165,9539200,48640,8865600,46709
682,3089139917,711900638,108542100,476106,276055000,900314
683,878545837,1084240022,170669300,650618,101865000,381364
684,262353864,330200368,115731000,519996,261278801,897536
685,3899308837,1547413590,150117900,647998,84638600,314647
686,563940599,2514431822,180347399,801914,150345599,490471
687,1853343030,3941318939,260259500,914766,326699500,985064
688,1102894292,4416158432,48264200,188836,44533100,154840
689,3263817533,1102901492,254881601,835800,260910800,645223
690,4352442788,3925055081,77831300,307104,64203100,217855
691,3102627912,1411648001,300770300,922512,365793500,910206
692,4159053787,1256495546,182562600,663473,244628200,583418
693,2058835435,623958,10468501,39730,10098300,35830
694,332643836,1652037876,309275800,751679,124826000,311215
695,1100887916,1707190,330928700,1072107,351713799,952890
696,1181001283,338408624,72110599,326393,42302500,172242
697,7307302,4471462294,300415600,1047493,310753601,1014098
698,1351401695,608647077,343474200,1167386,329613600,979271
699,251126381,1575565650,277708100,1020512,335632599,1047025
700,409486618,2587691137,343452200,1158119,280338500,916858
701,3493556172,259250031,255257899,975147,401478600,946753
702,690044040,17177118,288620300,931677,363707300,941997
703,855657958,130577190,182152100,679489,112262400,345979
704,265786686,1079565536,314282201,1135898,262921500,832493
705,4569433066,281898857,164920899,736773,142820900,512256
706,1385322072,202871692,149103100,485560,61885499,231985
707,2514040209,1693437184,259214699,938687,311707900,1014049
708,289750017,5241876754,143220600,622961,53605201,215006
709,4948381696,727562062,161226900,717376,241047500,781141
710,413671597,2831837590,56116899,256760,35194200,148445
711,283642102,4193656980,332211500,1122777,300992199,965498
712,1345694366,1022981388,171548800,685041,165258801,541929
713,369350531,1225951960,43451800,191717,35243700,126159
714,124145132,260971860,64375400,291984,41728999,162924
715,1607909279,373450347,290843700,941124,113971400,375004
716,282266748,31226526,311469500,1174438,305665301,996937
717,287029230,1165267096,337790501,1084659,151783800,532442
718,1265115399,443392552,1456700,7881,871799,5207
719,4509437484,608538733,271093300,1125801,343068200,915732
720,118648,3163711525,55460199,254346,50915099,202689
721,2301769111,2591864974,273904400,917923,318103500,944716
722,278761529,2430763070,89088300,380669,75546500,261579
723,4543691006,1601468065,57874399,223341,37289199,125749
724,1126422897,252186529,30385200,145674,38200801,151368
725,1421423122,3073713570,243373000,887295,94278000,343207
726,1207267858,3297355501,278487501,961885,283342400,869429
727,425249768,1297531382,272391999,1071228,298446001,982626
728,4645192920,1798761741,189273600,761988,187945100,459751
729,617754491,2970394434,247525400,827821,212923100,659209
730,497329452,3757665249,81446000,386803,116422399,426484
731,1934183988,1165488354,156383599,723280,381036100,1110556
732,278805575,2904689204,111806100,437898,104097199,363260
733,2833199550,30916382,254319900,931418,298363799,924348
734,5008499935,391288766,284542100,987644,248470400,660436
735,309866471,4195271437,411143799,1088950,287705100,878958
736,3327716543,4619249149,186335200,727495,130371600,412909
737,2457629649,4501710554,301305600,1011751,318228500,1012678
738,28390801,2062357343,230242000,895103,304651399,945924
739,85601218,999387311,339084199,972121,318308999,948721
740,5407718914,1145355152,184043500,743620,149148000,508632
741,4185569172,3280257379,262852800,977301,363713900,900032
742,256187789,97986072,31982400,128720,22341700,85579
743,112378859,376680537,266018300,831529,237016200,674045
744,1675999842,279237384,183547599,703462,111513800,380645
745,1601355248,1860818483,36985300,165114,26835899,105592
746,2845762249,1575520688,127611700,392445,116573901,368921
747,3307719112,410646991,13960100,67405,12286601,51856
748,281019886,1022884927,50320299,212266,28375900,111497
749,2584912483,4708998466,339954600,1039035,353844400,889500
750,190709976,21432966,250022300,968263,294989800,942823
751,417645410,427756158,169074701,539150,92129800,306550
752,4048111177,343033311,279507700,1101203,317384100,1006778
753,308443238,27132336,71951600,337979,83912899,156940
754,118032,413583035,131601100,473135,163318501,367228
755,457018424,2728666537,131010799,407363,103928101,340440
756,473198700,1636228109,3381600,17167,7180800,28656
757,4561414920,3374070831,151705199,530369,123901099,337450
758,3237539619,4868596151,119040200,413667,99736301,297080
759,3620355339,1537321012,286351699,829210,472094900,1038184
760,59630052,3275312426,80249500,293377,77007100,223646
761,2423362867,1210799710,98887600,365456,122198601,375065
762,2188424365,1304214534,247556499,853241,239041799,794788
763,97978017,2745464518,313299399,1036526,284063600,929766
764,351863606,117796,169754601,689033,106747400,342024
765,1100400024,17519367,60695200,229306,54670800,225761
766,743064442,890474502,177186200,744321,159088400,469979
767,497512529,276218347,114410400,460447,39049499,148380
768,1564363089,3464230860,193533500,723360,157350699,480895
769,1635245416,290678545,40601799,178973,19495799,77009
770,334218824,476289766,138137400,520209,399653600,894395
771,3200136375,3638789619,12720000,47142,25928400,56952
772,1231715435,3127520990,194830299,558761,244600701,742950
773,280099261,2409931029,3543700,22396,1920501,10793
774,2207396943,4561759697,66250800,281537,38764700,152402
775,252025464,2951240669,175442900,730104,103395101,382358
776,4329791767,664606134,15788300,91211,9874600,47699
777,419633957,479225106,2306000,16085,1335500,9152
778,1349331426,2426540136,272314100,1066952,301842699,925589
779,26675722,1591375419,260846599,1021176,304701600,987919
780,3673871039,289888657,343320199,1039059,317481900,918204
781,1583187484,878545479,15926001,77355,14367400,60698
782,269273466,4791919273,267532100,982072,269259299,890523
783,289807215,10044938,6382100,36369,4193700,16056
784,413379069,428276382,55254600,235120,33568501,135568
785,3928813463,422703786,322161399,1151268,348519501,1046779
786,269939018,2466998527,181950300,686842,99162400,331959
787,415897607,8136352,412017600,1048614,359313100,965362
788,114784000,1175207059,299046100,1153176,246927100,616751
789,255900176,1376265002,204238900,785951,107157800,396410
790,1410860721,294926051,151002201,597233,121427399,372156
791,1517060929,4157904107,6106900,30501,4177100,20653
792,611114285,3297400576,58768699,247052,24847100,112355
793,736974888,1184270020,179968999,649108,105004300,346044
794,1228998523,288003755,307664900,1069792,274833200,738543
795,4561643826,5378307778,17792800,83495,13004900,55597
796,1512075873,846307145,206760800,736808,70787400,245166
797,3228908533,3817357944,32041301,148277,32099400,126636
798,2836516382,3476631700,143293500,572270,90337600,306841
799,261727612,279654711,153000900,478504,54034200,165840
800,3010091255,95168654,67134200,273467,51908001,170913
801,3258103347,2310742209,231637000,784973,163385500,514502
802,501903248,3897585932,28371900,123992,24297200,89398
803,2838661538,2599762707,216092800,748043,110392300,321125
804,2647256343,4721200559,68957699,266715,80201800,244664
805,468483628,4638591473,195026199,748018,142358599,455870
806,390175120,732503128,161382000,733889,296544201,976197
807,1351368510,3827328535,73098599,325896,54558600,204356
808,1468935982,3992394615,154388400,606416,82509999,273186
809,4077236297,289471201,72733601,329582,39831400,152895
810,1612696453,2007093306,337045000,943662,217076399,723723
811,305029248,266224717,56551101,255290,31640600,133455
812,271332788,388583093,142694901,620527,123584701,383082
813,305723372,4313539395,137799699,561713,93234400,269259
814,1085342761,1354036000,39085699,200493,16535701,77155
815,307398242,1100784364,180632600,795400,125521500,467343
816,608647441,436062517,83317700,388053,101722100,401449
817,27535070,1116321459,308094200,1152839,236746401,821120
818,639287710,394945524,230745099,881208,275700599,787486
819,1385296637,888859831,40188300,186770,26898299,116490
820,190756458,2423817321,107211399,426791,26362101,121179
821,3495012294,1182544514,143896000,488865,258196900,788008
822,1384999859,4580850683,266319200,968539,312054100,930513
823,1091187474,28847264,76311800,336377,63100401,248290
824,190805443,1628406094,100823800,415741,83457101,295364
825,3452276691,190826450,10434700,58493,8525700,37911
826,20917732,306245480,116523700,421839,110215400,413426
827,149141946,363755648,160483400,709087,128422999,462528
828,611262251,3280610712,225004600,849734,266502100,746609
829,280724138,1948032605,26895500,133319,12106101,55681
830,442091856,1956310112,296564099,1070437,307391700,990708
831,4715711662,283558464,8790500,47095,6999299,30924
832,29977641,1106227860,132422000,535417,117134299,407892
833,3455421623,2179726251,36911500,185745,18934200,87611
834,1939366474,27224198,11645200,61354,4650300,26387
835,2514867604,2912789525,77346100,262606,22818700,100501
836,1235136419,267370017,166367900,752512,126836199,463272
837,565466684,254910147,2297199,13834,1726799,10396
838,1540050547,613438776,54189200,249611,56788200,226623
839,3793802777,3236802547,157177100,665503,114684599,426835
840,1576504626,189103577,5888801,37697,3629401,13939
841,289408925,4872544980,5501500,34458,4312400,25905
842,3104429758,66531085,34422801,178784,62873100,223148
843,1025540097,414994509,146726600,613596,149611900,474303
844,2899843745,1364844925,87327400,380160,43043100,168146
845,4143274159,321352479,92319300,398102,29969600,116799
846,1159120544,2515577841,86974700,384865,62519100,216652
847,635319927,494530121,40618099,196395,23331500,102640
848,1599149072,2647280608,292569499,1126674,326287400,1058730
849,249495262,3625249722,52631600,244493,65500799,248450
850,3318507545,1194159987,274696300,1080701,161440600,573072
851,898733645,835184775,128510799,382837,49463200,192517
852,2697726461,2423817363,159790200,687054,81871601,312184
853,263396474,831631781,66594101,306776,72868900,267131
854,259715486,1072927348,77573200,372254,121431200,434668
855,3268794298,4283485027,119027199,406920,54200000,215308
856,273772138,288136523,24624500,121992,8865600,49734
857,270128716,2936978905,37248800,187378,19461300,91315
858,1151738311,3331094355,104719700,411031,53496500,212627
859,294740115,279789464,84958499,397457,107539400,390182
860,1311859658,4977350654,172338000,779088,345189701,950113
861,1253173031,4774320803,78249200,358963,42934400,170433
862,119100777,371400655,111120501,467001,73378000,291242
863,3073204945,1145985873,26103600,128037,12816301,59331
864,1547449120,303793337,160353200,693890,73228600,282737
865,1874418838,2709706095,257576400,1063149,294849400,979573
866,4794637444,2158221565,259493500,1032978,328169199,963977
867,1370429512,2476357554,168379701,727893,143883500,476599
868,608553569,2697514249,174287799,721589,189849701,494189
869,5403417405,1202215141,182044300,768529,192394800,636270
870,1558645852,3252476166,161830300,583549,67885499,247838
871,2261184081,3256262543,32823200,150662,12728700,55787
872,4886957465,260996243,111579099,408687,153039301,518987
873,1226078540,5205763393,10125301,56703,3334399,18486
874,280094501,1119749527,145641100,592729,104082200,334890
875,2501613590,4232998983,161653400,685840,212514400,529625
876,417698994,696925354,161745100,633461,111611200,370892
877,284989626,245460375,273192500,1003765,292278800,970983
878,268688018,1141083985,248131900,855762,202081900,668987
879,566448231,290526403,318064100,1018166,286478200,961723
880,1855299882,297783725,63877900,281157,26535699,111012
881,2060272383,3241853194,231888100,922372,291275399,831804
882,264135756,446304024,301629100,1137472,211879399,700704
883,2186142074,27195229,261899699,1062648,345298600,1019961
884,1091674261,94137242,228210400,895203,324420400,945202
885,2338107413,878754778,174512900,789364,315112201,936999
886,1279123570,3182247393,296520001,1156765,284284100,916113
887,1671731970,1230007389,247585201,957510,230070701,773423
888,4774247565,1312184251,162510300,673558,213256500,517439
889,251204557,2801654452,182985500,808090,327589700,1122533
890,111926797,489786355,149743800,639255,138254800,406878
891,34021271,251127217,71049100,331590,60247700,230533
892,876198128,2556190543,275789499,1072926,307155500,1034471
893,1100516064,1260974202,1098399,7335,1079900,7726
894,381939945,3020848639,145552900,654406,238988899,802133
895,1579405469,444927567,17454000,98304,13984200,61065
896,281224946,451765365,148489100,520145,245363699,779417
897,4786923574,1300146463,14636201,76621,7114401,39269
898,383885780,1650403229,148187499,644978,112103000,409527
899,259983873,1089093078,294055900,1161461,322089701,968898
900,777391769,1590984119,158462301,684925,124664500,445452
901,4184219897,279825176,288256300,1090700,328048101,1005820
902,1085946288,1719006703,58931900,265580,73970601,288463
903,477489532,3640873279,260239600,1063819,310757199,978428
904,1181968073,383120151,82835099,338975,88167201,168582
905,1587650091,5183437974,265754099,1080099,300073900,1021826
906,2301769904,2072599145,258233500,931912,346753399,925634
907,1877830933,280698009,101043900,430349,134149100,484178
908,290790221,321356609,298519900,1103169,280696100,918064
909,298466819,3202406271,145225600,631047,290303899,920285
910,1429792760,3062478122,165818300,726614,159571100,537122
911,286992778,5061167010,6214400,33894,9632799,52738
912,2736187202,1271530190,64397800,287351,90474200,317238
913,846266786,403407491,166762500,663315,157022100,510583
914,1578709939,244503215,317087300,1158099,347918899,1055952
915,3954118378,321642384,143058801,594345,117504300,382006
916,616689709,277628576,298817200,1147043,229391299,599856
917,427158214,1144416879,253768201,929288,284575900,966880
918,312319530,715053133,54010801,241799,80718899,144819
919,1697730415,424017255,27390300,140279,37871900,147284
920,327480869,1128417470,997100,5059,617001,3645
921,1315507249,861288311,6082299,34434,4438600,22323
922,1468331575,1601716416,172274400,704959,147167400,480967
923,668007780,1187908643,258030599,871916,262715400,812049
924,1020717239,1685677271,123663600,517459,53197899,213027
925,3488420005,4038962384,173559501,715592,138514199,500044
926,1689446300,1464192616,47863700,213644,16846300,73186
927,2681421245,2570413695,170330700,757771,196341201,596149
928,324646158,2274749194,216609701,851410,266500500,903902
929,1591482192,601064776,112188099,497408,284265500,957563
930,333755684,4913623396,78810100,380124,116396600,436131
931,1224505226,1288216850,85383301,283603,45713599,186876
932,3909463242,211486168,169162300,741821,112217200,413230
933,293216222,29215998,266602100,977960,295648300,940930
934,4687695695,440779772,234415400,905180,104516000,369671
935,410210661,7891269,138039900,588724,228144400,708428
936,1609396077,2116892846,303982401,1093723,308433400,1045345
937,3270669462,1621885032,250469200,996251,368524100,998424
938,1539388227,2367885151,16397400,87180,8884601,39096
939,263407534,3273022413,51626300,213053,39771300,151609
940,1326946619,430428788,184376100,751315,249568800,775768
941,3708638473,312329201,105818001,432266,79137499,300115
942,2611480776,2416519338,9972800,52981,5428700,30529
943,1402895690,1082696981,303427501,1115572,296010300,969440
944,1102728152,525788367,22447799,108545,8245700,42826
945,2207396838,349197589,102566500,422383,44765899,190496
946,3273801152,252437830,52781300,231481,27377400,120609
947,1091388596,4377555966,82398800,370070,65740300,244141
948,459839521,118913,265086700,1072732,284398900,816147
949,1128416343,2668095526,284420200,1171993,330439400,1140078
950,1261131664,3307386259,33481800,163226,15948100,68378
951,401493868,30406647,345477199,1123431,263426900,853148
952,1636917901,462678541,56968200,219077,23223000,92154
953,4122998077,321582379,21805601,97450,8408400,34363
954,1863406154,1142993181,65873500,286243,96499599,368388
955,290295138,1128287846,283170800,1037641,292584401,937889
956,4659340777,1126906401,288254800,1171626,259246400,901546
957,1027331856,446180434,180334301,578326,64241500,253867
958,1590481136,5039751464,262742801,1052771,325691899,1027292
959,333178245,1593954972,79719600,369132,48029701,188078
960,1589598840,1295826092,149763001,648500,165034500,454035
961,303793901,394934350,271463699,1034410,279703799,879196
962,1605608060,289739138,185940899,776327,159090200,520482
963,1185175746,7302081,282671300,1089160,317720700,979650
964,27226070,1175029370,364515400,976291,325672300,916149
965,1141260788,1239241769,84422400,347014,146617800,436601
966,1279334733,3104057955,285640499,975978,292656100,915948
967,1098452791,306245460,76461001,329888,33989601,133772
968,484291112,3129508704,251872400,945274,310043900,802963
969,292945885,1394217824,61991400,290939,35435400,150232
970,957836532,2250913477,238512300,927531,239279400,809169
971,1652748092,3280610763,144320900,631894,134288300,480534
972,3921566621,1234960322,179924000,789153,116046900,442258
973,2908160877,3111243577,195250100,643708,66391600,262999
974,35198275,2502121961,172965699,765679,189117300,652499
975,2525217755,469988120,306820899,1150468,185193300,582742
976,285099336,416622162,38117100,196217,32132499,133155
977,1096112785,3189819496,25239899,129471,9543001,50473
978,3003390992,480847605,57718100,260993,39149900,166834
979,1029473797,5198462573,73279200,341026,29611500,132154
980,469797886,2994865872,269270000,1006156,308994699,1037222
981,4191505684,4492824304,105439300,455596,306101900,823189
982,1136460154,1883735637,158475500,629674,141862700,469146
983,107983659,5151080220,244807300,994890,271235600,866786
984,1229827850,1168781151,166577799,477972,45846799,184699
985,319941069,452638434,36107999,176812,27014100,121223
986,394380586,315184059,31437200,158235,45932800,192349
987,1352357527,1801697736,36154600,163250,23423200,91986
988,280871978,461869017,25043600,117049,15629901,66942
989,576876,5273519553,143151199,658103,274970100,922938
990,190765939,1953132386,70114000,324712,70377900,213912
991,413675371,2042186758,108096001,420677,115249000,424265
992,2745995604,3316304438,216075000,848759,320714800,1115481
993,258581615,130025854,146130401,631731,119306299,362087
994,182801076,38432891,28217400,133366,16848801,77853
995,1168151370,2047308456,26577800,136675,12980199,64630
996,2282438738,506649107,176885400,784378,276706001,937713
997,1107651492,1834314748,84164500,387816,57973799,234192
998,1277695513,937903710,13631599,72487,5968200,33429
999,2516092579,3423279824,52582299,236875,36598900,157015
